-1,-9,SGz5UK8/tSH5AiWTwMr28Z1W1uM=,V2XKt/kTfLXv53PVyv7bPpyXFY4=
-3,-3,1CXUUfufi4vzKbAGuBW5L2iVn9A=,iEESekbLPz5F2mWluntbASPStXI=
-2,-3,1CXUUfufi4vzKbAGuBW5L2iVn9A=,MHIWTyX4r0hbZV+qvUzgCPKjFjU=
-1,-3,1CXUUfufi4vzKbAGuBW5L2iVn9A=,noTtOo+IrKCCeggSdANQ9YVMVHE=
-3,-2,1CXUUfufi4vzKbAGuBW5L2iVn9A=,+9Mc6Z+SJCikkqzeMFDKKEN0d00=
-2,-2,1CXUUfufi4vzKbAGuBW5L2iVn9A=,o9hboBC/onSV7oDBVKYzHgRsudc=
-1,-2,1CXUUfufi4vzKbAGuBW5L2iVn9A=,o9hboBC/onSV7oDBVKYzHgRsudc=
-3,-1,1CXUUfufi4vzKbAGuBW5L2iVn9A=,9LaMR60RaQ1G6l1LFSwcDUVIFGc=
-2,-1,1CXUUfufi4vzKbAGuBW5L2iVn9A=,9LaMR60RaQ1G6l1LFSwcDUVIFGc=
-1,-1,1CXUUfufi4vzKbAGuBW5L2iVn9A=,9LaMR60RaQ1G6l1LFSwcDUVIFGc=
