-44,15,DSsrm93KGdqGj1E+dfbScQXrygA=,+NpZLiSEK5rdvVW/5OjlFedyfaE=
-44,14,6rIQksGpAUHv/sDyLlEAu/44oYw=,+NpZLiSEK5rdvVW/5OjlFedyfaE=
-44,13,6rIQksGpAUHv/sDyLlEAu/44oYw=,5vVPfEqVXfjErhrpxhxcsvMEdsU=
-39,15,eSoc727vgeLbz2D05Q9w+1ybTn0=,NwVC3gSQtvJhlc7zSIT9sJiAlQI=
-38,15,KXKv03Jel8bfxenAG9rShKeL6hE=,SQ/gqOE8/bVRAoRoGr0suQVkGI4=
-40,15,HumNykXf1xCuRuHOBmtVaZ+By0o=,NwVC3gSQtvJhlc7zSIT9sJiAlQI=
-41,15,HumNykXf1xCuRuHOBmtVaZ+By0o=,tA2g4W0WjwXg5oubE5g5vHCRa00=
-42,15,HHmDSCT+RMmUX3HUuKT7tmnsQdQ=,tA2g4W0WjwXg5oubE5g5vHCRa00=
-43,15,HHmDSCT+RMmUX3HUuKT7tmnsQdQ=,+NpZLiSEK5rdvVW/5OjlFedyfaE=
-43,14,2hAIId5q5IH9+Tc+o7iCBz7sCc4=,+NpZLiSEK5rdvVW/5OjlFedyfaE=
-42,13,Wsf4fnHuOb7jw1w+1ROsZr0zPsQ=,CkW1HsmaII+5wwWVabnfZBa21mQ=
-43,13,Wsf4fnHuOb7jw1w+1ROsZr0zPsQ=,5vVPfEqVXfjErhrpxhxcsvMEdsU=
-41,13,Wsf4fnHuOb7jw1w+1ROsZr0zPsQ=,CkW1HsmaII+5wwWVabnfZBa21mQ=
-42,14,Wsf4fnHuOb7jw1w+1ROsZr0zPsQ=,tA2g4W0WjwXg5oubE5g5vHCRa00=
-44,12,Wsf4fnHuOb7jw1w+1ROsZr0zPsQ=,5vVPfEqVXfjErhrpxhxcsvMEdsU=
-44,11,Wsf4fnHuOb7jw1w+1ROsZr0zPsQ=,f0XFuuBVcgz2ro0pu8ZidcDgsyk=
-44,9,Wsf4fnHuOb7jw1w+1ROsZr0zPsQ=,Rq5obXAF4lUDt1jTGbBcgpbl6IA=
-44,10,Wsf4fnHuOb7jw1w+1ROsZr0zPsQ=,f0XFuuBVcgz2ro0pu8ZidcDgsyk=
-40,14,krk/7vvisEOpdFZrzH+7JcxT4aI=,NwVC3gSQtvJhlc7zSIT9sJiAlQI=
-40,13,krk/7vvisEOpdFZrzH+7JcxT4aI=,LXzKgzn2wKSZnblUtMVL+ufgSyY=
-41,14,+lRLJ+hBkMY/8cX6i7KxrtzodCQ=,tA2g4W0WjwXg5oubE5g5vHCRa00=
-41,12,EcTX4CMjAftRTXgIF72f+G1yNj0=,CkW1HsmaII+5wwWVabnfZBa21mQ=
-42,12,lZSBY4PWTb1XxwV6b1zWP+91RWY=,CkW1HsmaII+5wwWVabnfZBa21mQ=
-43,11,lZSBY4PWTb1XxwV6b1zWP+91RWY=,f0XFuuBVcgz2ro0pu8ZidcDgsyk=
-40,11,lZSBY4PWTb1XxwV6b1zWP+91RWY=,kFO6ccc2vymQP0/jfWmD09OUnB8=
-43,12,lZSBY4PWTb1XxwV6b1zWP+91RWY=,5vVPfEqVXfjErhrpxhxcsvMEdsU=
-41,11,Lc/6idQ6n1cz6iCEVuOXsERhHrE=,WE1F5/+wHFNJd8QLij09rifV6P4=
-40,12,Lc/6idQ6n1cz6iCEVuOXsERhHrE=,LXzKgzn2wKSZnblUtMVL+ufgSyY=
-42,11,d69dxmnZ0zXnVRRyovLm8udbXNI=,WE1F5/+wHFNJd8QLij09rifV6P4=
-44,7,vhuAaXCN/g3xJss//9+txlzM7Vg=,aWc2IN+TzITjCjBvu/gu6sHU36U=
-41,10,vhuAaXCN/g3xJss//9+txlzM7Vg=,WE1F5/+wHFNJd8QLij09rifV6P4=
-44,8,vhuAaXCN/g3xJss//9+txlzM7Vg=,Rq5obXAF4lUDt1jTGbBcgpbl6IA=
-41,9,vhuAaXCN/g3xJss//9+txlzM7Vg=,OSB3q+AEoKlwBIY3HdkC5RmNoBE=
-43,9,vhuAaXCN/g3xJss//9+txlzM7Vg=,Rq5obXAF4lUDt1jTGbBcgpbl6IA=
-42,10,vhuAaXCN/g3xJss//9+txlzM7Vg=,WE1F5/+wHFNJd8QLij09rifV6P4=
-40,8,Zqcz+GIeI110tscXhu/YNRoWjjI=,uA2igqfOlK5xR/VE9Bz+uV/IJMs=
-42,9,Zqcz+GIeI110tscXhu/YNRoWjjI=,OSB3q+AEoKlwBIY3HdkC5RmNoBE=
-43,7,Zqcz+GIeI110tscXhu/YNRoWjjI=,aWc2IN+TzITjCjBvu/gu6sHU36U=
-40,7,Zqcz+GIeI110tscXhu/YNRoWjjI=,+loZuDDghbX/fBom9kroTZVHUuY=
-41,7,Zqcz+GIeI110tscXhu/YNRoWjjI=,lixO1bJFEtOHbVR/txtS1DK8BBU=
-42,7,Zqcz+GIeI110tscXhu/YNRoWjjI=,lixO1bJFEtOHbVR/txtS1DK8BBU=
-43,8,Zqcz+GIeI110tscXhu/YNRoWjjI=,Rq5obXAF4lUDt1jTGbBcgpbl6IA=
-41,8,Zqcz+GIeI110tscXhu/YNRoWjjI=,OSB3q+AEoKlwBIY3HdkC5RmNoBE=
-40,10,Zqcz+GIeI110tscXhu/YNRoWjjI=,kFO6ccc2vymQP0/jfWmD09OUnB8=
-44,6,Zqcz+GIeI110tscXhu/YNRoWjjI=,aWc2IN+TzITjCjBvu/gu6sHU36U=
-44,5,Zqcz+GIeI110tscXhu/YNRoWjjI=,Kfx9RzxJ7B2hmp3FDfjIJ6H+oV0=
-42,8,Zqcz+GIeI110tscXhu/YNRoWjjI=,OSB3q+AEoKlwBIY3HdkC5RmNoBE=
-40,9,KhOuEu6Uu+2YKKMEHsECoZdijOg=,uA2igqfOlK5xR/VE9Bz+uV/IJMs=
-43,10,KhOuEu6Uu+2YKKMEHsECoZdijOg=,f0XFuuBVcgz2ro0pu8ZidcDgsyk=
-44,0,uVKaGMX8HYdKJ0zTrmZm9El9f6o=,hl5IqmkXjcgiC3RwB9HA6UGjPZ0=
-44,3,fV2MFpzzm/dzOGeOZ/9HTcqf+C4=,5vbvUsFutGCgfCYZL6sy2+sF+CE=
-44,1,fV2MFpzzm/dzOGeOZ/9HTcqf+C4=,hl5IqmkXjcgiC3RwB9HA6UGjPZ0=
-44,4,fV2MFpzzm/dzOGeOZ/9HTcqf+C4=,Kfx9RzxJ7B2hmp3FDfjIJ6H+oV0=
-44,2,fV2MFpzzm/dzOGeOZ/9HTcqf+C4=,5vbvUsFutGCgfCYZL6sy2+sF+CE=
-43,0,u3rmqvWaP/t3f7LUc9auAMyh8So=,hl5IqmkXjcgiC3RwB9HA6UGjPZ0=
-42,0,u3rmqvWaP/t3f7LUc9auAMyh8So=,jl5whEUjFDtgnqJ0odVAJ38gxIE=
-43,2,u3rmqvWaP/t3f7LUc9auAMyh8So=,5vbvUsFutGCgfCYZL6sy2+sF+CE=
-42,1,u3rmqvWaP/t3f7LUc9auAMyh8So=,jl5whEUjFDtgnqJ0odVAJ38gxIE=
-43,1,ubMtrERUNuEujW2JHX0EV9P2oNM=,hl5IqmkXjcgiC3RwB9HA6UGjPZ0=
-42,2,ubMtrERUNuEujW2JHX0EV9P2oNM=,ALVjwRMh2MP4ch0tuVFBMqPh0rg=
-40,0,ZWyvUJO5fRpy1D/TnjAbgg0r9tw=,fsqzXGR5BjdJ0Oc9DO6ov89mr4E=
-43,3,ZWyvUJO5fRpy1D/TnjAbgg0r9tw=,5vbvUsFutGCgfCYZL6sy2+sF+CE=
-42,5,ZWyvUJO5fRpy1D/TnjAbgg0r9tw=,iqGwPp539KotevEwoZDTQokLnjM=
-40,2,ZWyvUJO5fRpy1D/TnjAbgg0r9tw=,tGUahBF0CHQdSnVkuRIWXUcIaAM=
-41,1,1Lj3GOR58/0KyeO2rZF2EljA9qw=,jl5whEUjFDtgnqJ0odVAJ38gxIE=
-42,6,1Lj3GOR58/0KyeO2rZF2EljA9qw=,lixO1bJFEtOHbVR/txtS1DK8BBU=
-41,0,1Lj3GOR58/0KyeO2rZF2EljA9qw=,jl5whEUjFDtgnqJ0odVAJ38gxIE=
-43,5,1Lj3GOR58/0KyeO2rZF2EljA9qw=,Kfx9RzxJ7B2hmp3FDfjIJ6H+oV0=
-40,6,1Lj3GOR58/0KyeO2rZF2EljA9qw=,+loZuDDghbX/fBom9kroTZVHUuY=
-41,2,1Lj3GOR58/0KyeO2rZF2EljA9qw=,ALVjwRMh2MP4ch0tuVFBMqPh0rg=
-42,4,1Lj3GOR58/0KyeO2rZF2EljA9qw=,iqGwPp539KotevEwoZDTQokLnjM=
-41,5,1Lj3GOR58/0KyeO2rZF2EljA9qw=,iqGwPp539KotevEwoZDTQokLnjM=
-40,3,1Lj3GOR58/0KyeO2rZF2EljA9qw=,tGUahBF0CHQdSnVkuRIWXUcIaAM=
-40,1,1Lj3GOR58/0KyeO2rZF2EljA9qw=,fsqzXGR5BjdJ0Oc9DO6ov89mr4E=
-41,6,2MPaZqslnAkifXryVitJbo1vWtQ=,lixO1bJFEtOHbVR/txtS1DK8BBU=
-42,3,2MPaZqslnAkifXryVitJbo1vWtQ=,ALVjwRMh2MP4ch0tuVFBMqPh0rg=
-40,5,2MPaZqslnAkifXryVitJbo1vWtQ=,uXIio1BRcuVD5RtnrKJTYMKFo3g=
-43,4,2MPaZqslnAkifXryVitJbo1vWtQ=,Kfx9RzxJ7B2hmp3FDfjIJ6H+oV0=
-43,6,2MPaZqslnAkifXryVitJbo1vWtQ=,aWc2IN+TzITjCjBvu/gu6sHU36U=
-41,4,5CJLsUdiSjJBRpym0iWWHHHVEYo=,iqGwPp539KotevEwoZDTQokLnjM=
-38,0,5CJLsUdiSjJBRpym0iWWHHHVEYo=,L3+HlQn/qsDHMLs0USaMJUI/1CA=
-39,0,5CJLsUdiSjJBRpym0iWWHHHVEYo=,fsqzXGR5BjdJ0Oc9DO6ov89mr4E=
-40,4,5CJLsUdiSjJBRpym0iWWHHHVEYo=,uXIio1BRcuVD5RtnrKJTYMKFo3g=
-41,3,FbyVnKp4uyVbWQ9LJ9vzE7S80sk=,ALVjwRMh2MP4ch0tuVFBMqPh0rg=
-39,2,TY/ZLdU6bf+SzsP66xian6/vq4w=,tGUahBF0CHQdSnVkuRIWXUcIaAM=
-36,0,W9MPI1Ddcv0wsGMN4JiTsm/EJkY=,2Mv3XKVjtHESZD07DZDt7EMJgfk=
-38,1,W9MPI1Ddcv0wsGMN4JiTsm/EJkY=,L3+HlQn/qsDHMLs0USaMJUI/1CA=
-37,0,W9MPI1Ddcv0wsGMN4JiTsm/EJkY=,L3+HlQn/qsDHMLs0USaMJUI/1CA=
-39,1,rvkz0TFcTh2DPP7KE/EeaFQV5ls=,fsqzXGR5BjdJ0Oc9DO6ov89mr4E=
-38,2,rvkz0TFcTh2DPP7KE/EeaFQV5ls=,bGsRC+oE140QHkvQs5Yfr2PFigA=
-36,1,rvkz0TFcTh2DPP7KE/EeaFQV5ls=,2Mv3XKVjtHESZD07DZDt7EMJgfk=
-37,1,/UQ6yArFuq8aDUxkQ6CQicuioMQ=,L3+HlQn/qsDHMLs0USaMJUI/1CA=
-35,0,/UQ6yArFuq8aDUxkQ6CQicuioMQ=,2Mv3XKVjtHESZD07DZDt7EMJgfk=
-37,2,1KzcDttMpFhPjmmfPGZhJsworck=,bGsRC+oE140QHkvQs5Yfr2PFigA=
-33,0,1KzcDttMpFhPjmmfPGZhJsworck=,iqGwPp539KotevEwoZDTQokLnjM=
-36,2,1KzcDttMpFhPjmmfPGZhJsworck=,T42AINDLigkhaBpEsaKPEuZew9Q=
-34,0,1KzcDttMpFhPjmmfPGZhJsworck=,iqGwPp539KotevEwoZDTQokLnjM=
-33,2,1KzcDttMpFhPjmmfPGZhJsworck=,EsJqQXZyYAY247cGhWQeSLIStf4=
-35,1,1KzcDttMpFhPjmmfPGZhJsworck=,2Mv3XKVjtHESZD07DZDt7EMJgfk=
-34,2,1KzcDttMpFhPjmmfPGZhJsworck=,EsJqQXZyYAY247cGhWQeSLIStf4=
-33,1,KhJevBJjm3wAT70tQFEtoXiapkM=,iqGwPp539KotevEwoZDTQokLnjM=
-33,4,KhJevBJjm3wAT70tQFEtoXiapkM=,ul3ZLgD7hRxo8kiPg7jEPI4hX4I=
-34,1,KhJevBJjm3wAT70tQFEtoXiapkM=,iqGwPp539KotevEwoZDTQokLnjM=
-35,2,KhJevBJjm3wAT70tQFEtoXiapkM=,T42AINDLigkhaBpEsaKPEuZew9Q=
-33,3,I5U+MCVgMNKuExJdloWgRWVAPjs=,EsJqQXZyYAY247cGhWQeSLIStf4=
-33,6,0l5BW0rdfzi6SsnD+a6Hfrk4SSQ=,L4bdjq/AIdkcjB9ADt1Bi5mMSvU=
-33,5,xCdVLhwy1zkw3+MCc0QOKDA1uwc=,ul3ZLgD7hRxo8kiPg7jEPI4hX4I=
-33,7,gGd5w6FmBLwTp19O0mP2wEp/sDA=,L4bdjq/AIdkcjB9ADt1Bi5mMSvU=
-33,8,gGd5w6FmBLwTp19O0mP2wEp/sDA=,jzeH/Tl3LepWT5w0YgNZLVCds4Q=
-33,10,THgvkunpiMv4kXK+DvA4AvRv/Dk=,qvUqeEfbkwYraWPwNW8t7jIsjAw=
-33,11,THgvkunpiMv4kXK+DvA4AvRv/Dk=,qvUqeEfbkwYraWPwNW8t7jIsjAw=
-33,14,THgvkunpiMv4kXK+DvA4AvRv/Dk=,NudxQcHJ0gP8SgEpqEOtm/212ys=
-33,15,THgvkunpiMv4kXK+DvA4AvRv/Dk=,NudxQcHJ0gP8SgEpqEOtm/212ys=
-33,12,THgvkunpiMv4kXK+DvA4AvRv/Dk=,pazei9Mgbpkbw3KgIkXHXRl8lo0=
-33,13,THgvkunpiMv4kXK+DvA4AvRv/Dk=,pazei9Mgbpkbw3KgIkXHXRl8lo0=
-33,9,O+OHAZlKho5iNW07bF4strOb9qQ=,jzeH/Tl3LepWT5w0YgNZLVCds4Q=
-36,15,Xf10Inb6tfTD/v3GW9zwafBpL50=,ALVjwRMh2MP4ch0tuVFBMqPh0rg=
-35,15,Xf10Inb6tfTD/v3GW9zwafBpL50=,ALVjwRMh2MP4ch0tuVFBMqPh0rg=
-34,15,RkFJGAbLsS6Nlh/hZL103bU+0FQ=,NudxQcHJ0gP8SgEpqEOtm/212ys=
-37,15,lHGl1tzJaFNoaN9P8ma08Yy8l3Y=,SQ/gqOE8/bVRAoRoGr0suQVkGI4=
-34,14,CtOSenLE5AfF4hpFJROhCBAICzE=,NudxQcHJ0gP8SgEpqEOtm/212ys=
-35,11,nSxVEpDzSEwUr8I7dIVA9n0yppg=,lADtjNcMs1v2ZbblzgKYj7tKQSU=
-34,13,nSxVEpDzSEwUr8I7dIVA9n0yppg=,pazei9Mgbpkbw3KgIkXHXRl8lo0=
-35,9,nSxVEpDzSEwUr8I7dIVA9n0yppg=,x2blmW0CM3OaaIPaX4DuhtpJd8E=
-35,13,nSxVEpDzSEwUr8I7dIVA9n0yppg=,tCnfcRGz7e8zp8txxeCVWRBY95Q=
-34,12,nSxVEpDzSEwUr8I7dIVA9n0yppg=,pazei9Mgbpkbw3KgIkXHXRl8lo0=
-35,14,nSxVEpDzSEwUr8I7dIVA9n0yppg=,ALVjwRMh2MP4ch0tuVFBMqPh0rg=
-34,11,Y2UGXF6yz8qK3EGk+2nHuW4ioG0=,qvUqeEfbkwYraWPwNW8t7jIsjAw=
-34,10,Y2UGXF6yz8qK3EGk+2nHuW4ioG0=,qvUqeEfbkwYraWPwNW8t7jIsjAw=
-35,10,Y2UGXF6yz8qK3EGk+2nHuW4ioG0=,lADtjNcMs1v2ZbblzgKYj7tKQSU=
-34,7,Y2UGXF6yz8qK3EGk+2nHuW4ioG0=,L4bdjq/AIdkcjB9ADt1Bi5mMSvU=
-34,9,Y2UGXF6yz8qK3EGk+2nHuW4ioG0=,jzeH/Tl3LepWT5w0YgNZLVCds4Q=
-35,7,uRWU/opIwyE1nhRQNcKGr9+AeW8=,9iqihP1M79PoW1jjfr01b9of+LU=
-35,12,uRWU/opIwyE1nhRQNcKGr9+AeW8=,tCnfcRGz7e8zp8txxeCVWRBY95Q=
-35,8,ziSwrPKQpJg5MS7Z+QLahRhCRFs=,x2blmW0CM3OaaIPaX4DuhtpJd8E=
-34,8,ziSwrPKQpJg5MS7Z+QLahRhCRFs=,jzeH/Tl3LepWT5w0YgNZLVCds4Q=
-37,7,MM9cw+BYHdN5l8OLdS2bs02TsXU=,N54URgAHYBq+vxXExUek9WTrKKE=
-38,8,vuRruMsJMBNNuwp5HNI/mQ1g0/Q=,L3+HlQn/qsDHMLs0USaMJUI/1CA=
-38,7,vuRruMsJMBNNuwp5HNI/mQ1g0/Q=,N54URgAHYBq+vxXExUek9WTrKKE=
-38,10,vuRruMsJMBNNuwp5HNI/mQ1g0/Q=,NO2FYDsEJUQWY5wE2NhdIhhCrbc=
-34,5,vuRruMsJMBNNuwp5HNI/mQ1g0/Q=,ul3ZLgD7hRxo8kiPg7jEPI4hX4I=
-36,9,vuRruMsJMBNNuwp5HNI/mQ1g0/Q=,x2blmW0CM3OaaIPaX4DuhtpJd8E=
-39,3,vuRruMsJMBNNuwp5HNI/mQ1g0/Q=,tGUahBF0CHQdSnVkuRIWXUcIaAM=
-37,5,vuRruMsJMBNNuwp5HNI/mQ1g0/Q=,Yi3TeNSFSbbajdXAbIwZ/fKqON0=
-36,8,vuRruMsJMBNNuwp5HNI/mQ1g0/Q=,x2blmW0CM3OaaIPaX4DuhtpJd8E=
-38,5,vuRruMsJMBNNuwp5HNI/mQ1g0/Q=,Yi3TeNSFSbbajdXAbIwZ/fKqON0=
-39,7,vuRruMsJMBNNuwp5HNI/mQ1g0/Q=,+loZuDDghbX/fBom9kroTZVHUuY=
-35,6,vuRruMsJMBNNuwp5HNI/mQ1g0/Q=,9iqihP1M79PoW1jjfr01b9of+LU=
-39,9,vuRruMsJMBNNuwp5HNI/mQ1g0/Q=,uA2igqfOlK5xR/VE9Bz+uV/IJMs=
-38,4,vuRruMsJMBNNuwp5HNI/mQ1g0/Q=,Yi3TeNSFSbbajdXAbIwZ/fKqON0=
-36,7,vuRruMsJMBNNuwp5HNI/mQ1g0/Q=,9iqihP1M79PoW1jjfr01b9of+LU=
-39,4,vuRruMsJMBNNuwp5HNI/mQ1g0/Q=,uXIio1BRcuVD5RtnrKJTYMKFo3g=
-37,4,vuRruMsJMBNNuwp5HNI/mQ1g0/Q=,Yi3TeNSFSbbajdXAbIwZ/fKqON0=
-38,6,vuRruMsJMBNNuwp5HNI/mQ1g0/Q=,N54URgAHYBq+vxXExUek9WTrKKE=
-39,5,vuRruMsJMBNNuwp5HNI/mQ1g0/Q=,uXIio1BRcuVD5RtnrKJTYMKFo3g=
-37,9,vuRruMsJMBNNuwp5HNI/mQ1g0/Q=,L3+HlQn/qsDHMLs0USaMJUI/1CA=
-39,6,vuRruMsJMBNNuwp5HNI/mQ1g0/Q=,+loZuDDghbX/fBom9kroTZVHUuY=
-37,8,vuRruMsJMBNNuwp5HNI/mQ1g0/Q=,L3+HlQn/qsDHMLs0USaMJUI/1CA=
-39,8,vuRruMsJMBNNuwp5HNI/mQ1g0/Q=,uA2igqfOlK5xR/VE9Bz+uV/IJMs=
-38,9,PhBI30I0AMJYX29BuvJIUgvWEIo=,L3+HlQn/qsDHMLs0USaMJUI/1CA=
-38,3,PhBI30I0AMJYX29BuvJIUgvWEIo=,bGsRC+oE140QHkvQs5Yfr2PFigA=
-34,4,PhBI30I0AMJYX29BuvJIUgvWEIo=,ul3ZLgD7hRxo8kiPg7jEPI4hX4I=
-37,10,PhBI30I0AMJYX29BuvJIUgvWEIo=,NO2FYDsEJUQWY5wE2NhdIhhCrbc=
-37,6,PhBI30I0AMJYX29BuvJIUgvWEIo=,N54URgAHYBq+vxXExUek9WTrKKE=
-39,10,PhBI30I0AMJYX29BuvJIUgvWEIo=,kFO6ccc2vymQP0/jfWmD09OUnB8=
-36,6,PhBI30I0AMJYX29BuvJIUgvWEIo=,9iqihP1M79PoW1jjfr01b9of+LU=
-36,10,PhBI30I0AMJYX29BuvJIUgvWEIo=,lADtjNcMs1v2ZbblzgKYj7tKQSU=
-35,5,PhBI30I0AMJYX29BuvJIUgvWEIo=,CFmawpJfuIomJxN78zO8XEi2L3s=
-36,5,PhBI30I0AMJYX29BuvJIUgvWEIo=,CFmawpJfuIomJxN78zO8XEi2L3s=
-35,3,PhBI30I0AMJYX29BuvJIUgvWEIo=,T42AINDLigkhaBpEsaKPEuZew9Q=
-35,4,N4BYRgmekYJTcbiFT31PheGeHo8=,CFmawpJfuIomJxN78zO8XEi2L3s=
-37,3,N4BYRgmekYJTcbiFT31PheGeHo8=,bGsRC+oE140QHkvQs5Yfr2PFigA=
-34,6,N4BYRgmekYJTcbiFT31PheGeHo8=,L4bdjq/AIdkcjB9ADt1Bi5mMSvU=
-36,3,N4BYRgmekYJTcbiFT31PheGeHo8=,T42AINDLigkhaBpEsaKPEuZew9Q=
-36,4,N4BYRgmekYJTcbiFT31PheGeHo8=,CFmawpJfuIomJxN78zO8XEi2L3s=
-37,13,N4BYRgmekYJTcbiFT31PheGeHo8=,HIPNms7TnbwpAi2a36EZXIesphk=
-34,3,N4BYRgmekYJTcbiFT31PheGeHo8=,EsJqQXZyYAY247cGhWQeSLIStf4=
-39,11,N4BYRgmekYJTcbiFT31PheGeHo8=,kFO6ccc2vymQP0/jfWmD09OUnB8=
-38,13,N4BYRgmekYJTcbiFT31PheGeHo8=,HIPNms7TnbwpAi2a36EZXIesphk=
-39,14,N4BYRgmekYJTcbiFT31PheGeHo8=,NwVC3gSQtvJhlc7zSIT9sJiAlQI=
-37,14,N4BYRgmekYJTcbiFT31PheGeHo8=,SQ/gqOE8/bVRAoRoGr0suQVkGI4=
-38,14,N4BYRgmekYJTcbiFT31PheGeHo8=,SQ/gqOE8/bVRAoRoGr0suQVkGI4=
-36,11,Ts9AHtgeAT3OUg2xGeOrvNE5tc4=,lADtjNcMs1v2ZbblzgKYj7tKQSU=
-37,11,Ts9AHtgeAT3OUg2xGeOrvNE5tc4=,NO2FYDsEJUQWY5wE2NhdIhhCrbc=
-39,13,Ts9AHtgeAT3OUg2xGeOrvNE5tc4=,LXzKgzn2wKSZnblUtMVL+ufgSyY=
-38,12,Ts9AHtgeAT3OUg2xGeOrvNE5tc4=,HIPNms7TnbwpAi2a36EZXIesphk=
-39,12,Ts9AHtgeAT3OUg2xGeOrvNE5tc4=,LXzKgzn2wKSZnblUtMVL+ufgSyY=
-38,11,Ts9AHtgeAT3OUg2xGeOrvNE5tc4=,NO2FYDsEJUQWY5wE2NhdIhhCrbc=
-36,13,Ts9AHtgeAT3OUg2xGeOrvNE5tc4=,tCnfcRGz7e8zp8txxeCVWRBY95Q=
-36,14,Ts9AHtgeAT3OUg2xGeOrvNE5tc4=,ALVjwRMh2MP4ch0tuVFBMqPh0rg=
-37,12,Ts9AHtgeAT3OUg2xGeOrvNE5tc4=,HIPNms7TnbwpAi2a36EZXIesphk=
-36,12,Ts9AHtgeAT3OUg2xGeOrvNE5tc4=,tCnfcRGz7e8zp8txxeCVWRBY95Q=
-33,16,5R4qUd8Al4UIqkyI/ujL3sFLLDg=,dUcb0oeYTIEdMeDS3CN1xxOH2nY=
-33,18,UbI72cqlxFuxnsc+00Djpy7nLCc=,tc8qctHtiUbZi75AOCGPtfE/gnM=
-33,17,UbI72cqlxFuxnsc+00Djpy7nLCc=,dUcb0oeYTIEdMeDS3CN1xxOH2nY=
-34,16,vn6rsyMIFQ84GZiwYTN9jJSvkqE=,dUcb0oeYTIEdMeDS3CN1xxOH2nY=
-35,16,vn6rsyMIFQ84GZiwYTN9jJSvkqE=,p1TysYbN4cmodL6NT+5OgjZiz0A=
-36,16,Lh/1m+92JEi+CY6RNh9WLG9Egfg=,p1TysYbN4cmodL6NT+5OgjZiz0A=
-37,16,Lh/1m+92JEi+CY6RNh9WLG9Egfg=,hN6ZM2eYJHyVHiK9Yy/hU3Lz4pE=
-35,17,qSm/6yARHpEpWzorEQmimpCJifs=,p1TysYbN4cmodL6NT+5OgjZiz0A=
-34,18,qSm/6yARHpEpWzorEQmimpCJifs=,tc8qctHtiUbZi75AOCGPtfE/gnM=
-35,18,/fPYgxDIiAShiZ9UVpAb7gBZG5o=,ATGGhrp5rzG8ohMybDaYLw3pwD4=
-34,17,/fPYgxDIiAShiZ9UVpAb7gBZG5o=,dUcb0oeYTIEdMeDS3CN1xxOH2nY=
-39,16,euzf5EqkcSuo2pWfT14zrFFQFWk=,Mh4PIgSBU+QRfdsoJ77lZTIxmXQ=
-36,17,/NYMwD1jxOIo1YSrwNhapv1PnhI=,p1TysYbN4cmodL6NT+5OgjZiz0A=
-38,16,/NYMwD1jxOIo1YSrwNhapv1PnhI=,hN6ZM2eYJHyVHiK9Yy/hU3Lz4pE=
-36,18,/NYMwD1jxOIo1YSrwNhapv1PnhI=,ATGGhrp5rzG8ohMybDaYLw3pwD4=
-39,17,/NYMwD1jxOIo1YSrwNhapv1PnhI=,Mh4PIgSBU+QRfdsoJ77lZTIxmXQ=
-37,18,/NYMwD1jxOIo1YSrwNhapv1PnhI=,qyhnq++l3Sr3vxa3/hpPFCKiry0=
-37,17,/NYMwD1jxOIo1YSrwNhapv1PnhI=,hN6ZM2eYJHyVHiK9Yy/hU3Lz4pE=
-39,18,we/po5Mf68je4Q136k0XmobhWLI=,Uw7uSqqnnhkiTNXQhdQ2ou/yesg=
-38,18,we/po5Mf68je4Q136k0XmobhWLI=,qyhnq++l3Sr3vxa3/hpPFCKiry0=
-38,17,we/po5Mf68je4Q136k0XmobhWLI=,hN6ZM2eYJHyVHiK9Yy/hU3Lz4pE=
-44,16,NkvCAJZrUqB6Ro3xGGu0jMito0A=,CipjkfOjtRVeV+Asa/RvRKvY040=
-43,16,e6d4RfSObHjIg3DJI95HEbOdg70=,CipjkfOjtRVeV+Asa/RvRKvY040=
-41,16,P6fNJtuZyEG3+E3hum/TADGTzTA=,ATGGhrp5rzG8ohMybDaYLw3pwD4=
-44,18,P6fNJtuZyEG3+E3hum/TADGTzTA=,8akVfHoxFj/M4OJOyRJuGIh2Cy8=
-44,17,P6fNJtuZyEG3+E3hum/TADGTzTA=,CipjkfOjtRVeV+Asa/RvRKvY040=
-42,16,P6fNJtuZyEG3+E3hum/TADGTzTA=,ATGGhrp5rzG8ohMybDaYLw3pwD4=
-40,16,P6fNJtuZyEG3+E3hum/TADGTzTA=,Mh4PIgSBU+QRfdsoJ77lZTIxmXQ=
-44,20,9WG/1FfP25nEU3JDh5XzIzRxLXc=,HL0LU652wEtmbBCT2FBaG1rvQRo=
-44,19,9WG/1FfP25nEU3JDh5XzIzRxLXc=,8akVfHoxFj/M4OJOyRJuGIh2Cy8=
-41,18,CSVYl3A/CfSIcrJ+Q89MPVKnNj0=,lPOR8tv+3ull2IIzDMwPHCXnPOA=
-44,22,CSVYl3A/CfSIcrJ+Q89MPVKnNj0=,+4Em9sPP7oVfRe/TXkVwKvu/aW8=
-44,21,CSVYl3A/CfSIcrJ+Q89MPVKnNj0=,HL0LU652wEtmbBCT2FBaG1rvQRo=
-42,18,xJ1rFtw1g77eObZTabkaS0NOsf0=,lPOR8tv+3ull2IIzDMwPHCXnPOA=
-40,18,xJ1rFtw1g77eObZTabkaS0NOsf0=,Uw7uSqqnnhkiTNXQhdQ2ou/yesg=
-41,17,xJ1rFtw1g77eObZTabkaS0NOsf0=,ATGGhrp5rzG8ohMybDaYLw3pwD4=
-43,18,xJ1rFtw1g77eObZTabkaS0NOsf0=,8akVfHoxFj/M4OJOyRJuGIh2Cy8=
-43,17,xJ1rFtw1g77eObZTabkaS0NOsf0=,CipjkfOjtRVeV+Asa/RvRKvY040=
-44,23,pRLdtbLxognBgPo5UXu0WmAXgMY=,+4Em9sPP7oVfRe/TXkVwKvu/aW8=
-44,24,pRLdtbLxognBgPo5UXu0WmAXgMY=,k5Ghr4x1RjPBVfpgnlaXc9i2P7U=
-42,17,pRLdtbLxognBgPo5UXu0WmAXgMY=,ATGGhrp5rzG8ohMybDaYLw3pwD4=
-40,17,pRLdtbLxognBgPo5UXu0WmAXgMY=,Mh4PIgSBU+QRfdsoJ77lZTIxmXQ=
-43,20,0BAJQDq6rXRrQRpkQVcoWhmSyQw=,HL0LU652wEtmbBCT2FBaG1rvQRo=
-42,21,0BAJQDq6rXRrQRpkQVcoWhmSyQw=,BHzZ6g5y2145LkmuvzlvseU0jbs=
-43,22,ql+g+PTxg4iodRPKG/ef8JROVzs=,+4Em9sPP7oVfRe/TXkVwKvu/aW8=
-42,19,ql+g+PTxg4iodRPKG/ef8JROVzs=,lPOR8tv+3ull2IIzDMwPHCXnPOA=
-42,20,/mHsjNzO6WqCWm9/JrsIuHS1Jcw=,BHzZ6g5y2145LkmuvzlvseU0jbs=
-43,19,/mHsjNzO6WqCWm9/JrsIuHS1Jcw=,8akVfHoxFj/M4OJOyRJuGIh2Cy8=
-42,22,/mHsjNzO6WqCWm9/JrsIuHS1Jcw=,H/o/yHB7RE/bXM+GT8XIdqi9kTE=
-43,21,vNsoWHUyEffHx7kpQopottIdYMU=,HL0LU652wEtmbBCT2FBaG1rvQRo=
-41,19,vNsoWHUyEffHx7kpQopottIdYMU=,lPOR8tv+3ull2IIzDMwPHCXnPOA=
-40,19,vNsoWHUyEffHx7kpQopottIdYMU=,Uw7uSqqnnhkiTNXQhdQ2ou/yesg=
-41,20,ORhr9EYePIeYGxkMtTo2ApCAJvA=,BHzZ6g5y2145LkmuvzlvseU0jbs=
-40,20,ORhr9EYePIeYGxkMtTo2ApCAJvA=,pienmqTdvIXyCCh3Eqqxq5lILjI=
-41,21,2WN6TR8dj681hpHW1htqA6mu+t0=,BHzZ6g5y2145LkmuvzlvseU0jbs=
-41,22,2WN6TR8dj681hpHW1htqA6mu+t0=,H/o/yHB7RE/bXM+GT8XIdqi9kTE=
-40,21,2WN6TR8dj681hpHW1htqA6mu+t0=,pienmqTdvIXyCCh3Eqqxq5lILjI=
-43,23,2WN6TR8dj681hpHW1htqA6mu+t0=,+4Em9sPP7oVfRe/TXkVwKvu/aW8=
-40,22,2WN6TR8dj681hpHW1htqA6mu+t0=,EuvMtnxBWAr8OOi0m+5r5oK76G4=
-42,24,NkOckF48Sh1/cjcB5Wa5wwhpU1U=,3YBcE+R4xlZhdJlpmbEKeMZCf2s=
-42,23,NkOckF48Sh1/cjcB5Wa5wwhpU1U=,H/o/yHB7RE/bXM+GT8XIdqi9kTE=
-43,24,M+kbQRBvGQtrYGXlvwcL7z6+Lzo=,k5Ghr4x1RjPBVfpgnlaXc9i2P7U=
-41,24,M+kbQRBvGQtrYGXlvwcL7z6+Lzo=,3YBcE+R4xlZhdJlpmbEKeMZCf2s=
-40,24,M+kbQRBvGQtrYGXlvwcL7z6+Lzo=,VinyVq7pfVCtHw+lwoqpUhZNzdA=
-40,23,M+kbQRBvGQtrYGXlvwcL7z6+Lzo=,EuvMtnxBWAr8OOi0m+5r5oK76G4=
-41,23,M+kbQRBvGQtrYGXlvwcL7z6+Lzo=,H/o/yHB7RE/bXM+GT8XIdqi9kTE=
-38,20,GSXT+PFtpZNtTRaVydoC4QZs7Zo=,1iFlUWaycSnbCE3STGXlJuxusGQ=
-39,19,GSXT+PFtpZNtTRaVydoC4QZs7Zo=,Uw7uSqqnnhkiTNXQhdQ2ou/yesg=
-39,20,2t8sIcO/mdxDWZdtrm2UEQbBGow=,pienmqTdvIXyCCh3Eqqxq5lILjI=
-38,19,2t8sIcO/mdxDWZdtrm2UEQbBGow=,qyhnq++l3Sr3vxa3/hpPFCKiry0=
-38,21,sv92sEmkwoqUNqSLnusQAmg/1LE=,1iFlUWaycSnbCE3STGXlJuxusGQ=
-38,22,IkfQxx1AoWAEQ0Oxx9s24AC6ZSU=,mc9KhiBNPCT+/u/NVGJdX7mdCBY=
-39,22,IkfQxx1AoWAEQ0Oxx9s24AC6ZSU=,EuvMtnxBWAr8OOi0m+5r5oK76G4=
-39,21,IkfQxx1AoWAEQ0Oxx9s24AC6ZSU=,pienmqTdvIXyCCh3Eqqxq5lILjI=
-39,23,AMYUdHuPcknKz033Xh0g4q/z/QA=,EuvMtnxBWAr8OOi0m+5r5oK76G4=
-39,24,AMYUdHuPcknKz033Xh0g4q/z/QA=,VinyVq7pfVCtHw+lwoqpUhZNzdA=
-36,20,VAnjl/3OMbCaP3y/Sjt2pxY9Z0o=,zwl7/WDhuscTRwbWaxW9AkvUHtQ=
-38,24,VAnjl/3OMbCaP3y/Sjt2pxY9Z0o=,3COFVBbd0ZdgX38FfKnR2n8ZAJ4=
-37,20,VAnjl/3OMbCaP3y/Sjt2pxY9Z0o=,1iFlUWaycSnbCE3STGXlJuxusGQ=
-38,23,VAnjl/3OMbCaP3y/Sjt2pxY9Z0o=,mc9KhiBNPCT+/u/NVGJdX7mdCBY=
-36,19,8YQm27ezn9ZscpB52jX09VN6xX4=,ATGGhrp5rzG8ohMybDaYLw3pwD4=
-37,19,8YQm27ezn9ZscpB52jX09VN6xX4=,qyhnq++l3Sr3vxa3/hpPFCKiry0=
-33,20,8YQm27ezn9ZscpB52jX09VN6xX4=,Z9eyyIb97npw7s7zNbDFjXC3jCA=
-34,20,MTaPprElXxjEyk4/wqYQxAddizU=,Z9eyyIb97npw7s7zNbDFjXC3jCA=
-35,20,MTaPprElXxjEyk4/wqYQxAddizU=,zwl7/WDhuscTRwbWaxW9AkvUHtQ=
-35,19,95eCWJYr2JLc7wGVJhPsp86zP4o=,ATGGhrp5rzG8ohMybDaYLw3pwD4=
-33,19,95eCWJYr2JLc7wGVJhPsp86zP4o=,tc8qctHtiUbZi75AOCGPtfE/gnM=
-34,19,psoTcYfVH7yQsuaaedpM2KTdQAo=,tc8qctHtiUbZi75AOCGPtfE/gnM=
-37,22,lhR4TapVWbpWUVCoP8OdBP5LlK8=,mc9KhiBNPCT+/u/NVGJdX7mdCBY=
-37,21,lhR4TapVWbpWUVCoP8OdBP5LlK8=,1iFlUWaycSnbCE3STGXlJuxusGQ=
-35,21,lhR4TapVWbpWUVCoP8OdBP5LlK8=,zwl7/WDhuscTRwbWaxW9AkvUHtQ=
-33,24,lhR4TapVWbpWUVCoP8OdBP5LlK8=,02TDUrvZv9Hsr5Xz1Q5Q8X44Itc=
-34,22,lhR4TapVWbpWUVCoP8OdBP5LlK8=,WE1F5/+wHFNJd8QLij09rifV6P4=
-36,21,lhR4TapVWbpWUVCoP8OdBP5LlK8=,zwl7/WDhuscTRwbWaxW9AkvUHtQ=
-33,23,lhR4TapVWbpWUVCoP8OdBP5LlK8=,WE1F5/+wHFNJd8QLij09rifV6P4=
-33,21,lhR4TapVWbpWUVCoP8OdBP5LlK8=,Z9eyyIb97npw7s7zNbDFjXC3jCA=
-36,22,lhR4TapVWbpWUVCoP8OdBP5LlK8=,UUEGHzAiVoDs8GR20+9YGf2L9gU=
-34,21,mHi/7f0rKrzMdoHQbISHownMLvA=,Z9eyyIb97npw7s7zNbDFjXC3jCA=
-33,22,mHi/7f0rKrzMdoHQbISHownMLvA=,WE1F5/+wHFNJd8QLij09rifV6P4=
-35,22,y9xTi+3PHlYnUEPOuLoFR3KzBew=,UUEGHzAiVoDs8GR20+9YGf2L9gU=
-34,24,6EVk/RrofK/gFVhE+C6GpVu4PVA=,02TDUrvZv9Hsr5Xz1Q5Q8X44Itc=
-37,23,6EVk/RrofK/gFVhE+C6GpVu4PVA=,mc9KhiBNPCT+/u/NVGJdX7mdCBY=
-33,25,6EVk/RrofK/gFVhE+C6GpVu4PVA=,02TDUrvZv9Hsr5Xz1Q5Q8X44Itc=
-33,26,6EVk/RrofK/gFVhE+C6GpVu4PVA=,7Wv+uV3dyASf842or39ZZQKfcMU=
-34,23,6EVk/RrofK/gFVhE+C6GpVu4PVA=,WE1F5/+wHFNJd8QLij09rifV6P4=
-35,26,6EVk/RrofK/gFVhE+C6GpVu4PVA=,hl5IqmkXjcgiC3RwB9HA6UGjPZ0=
-37,24,zP0qxrYzXxa/q82YK/VgcsQrTdY=,3COFVBbd0ZdgX38FfKnR2n8ZAJ4=
-35,25,zP0qxrYzXxa/q82YK/VgcsQrTdY=,NIybxN2oQGCDB7ZKmftXccyj3eo=
-34,26,zP0qxrYzXxa/q82YK/VgcsQrTdY=,7Wv+uV3dyASf842or39ZZQKfcMU=
-35,23,zP0qxrYzXxa/q82YK/VgcsQrTdY=,UUEGHzAiVoDs8GR20+9YGf2L9gU=
-36,23,zP0qxrYzXxa/q82YK/VgcsQrTdY=,UUEGHzAiVoDs8GR20+9YGf2L9gU=
-34,25,0upBXaYBF1jKRBpXtD/nkWC2s6k=,02TDUrvZv9Hsr5Xz1Q5Q8X44Itc=
-35,24,0upBXaYBF1jKRBpXtD/nkWC2s6k=,NIybxN2oQGCDB7ZKmftXccyj3eo=
-36,24,0upBXaYBF1jKRBpXtD/nkWC2s6k=,NIybxN2oQGCDB7ZKmftXccyj3eo=
-33,28,PHKYZwdLmmdMMbfanKVNqiMTFMg=,C7BwtOFfuTwrq2VSvd0bIJ62x/w=
-33,27,PHKYZwdLmmdMMbfanKVNqiMTFMg=,7Wv+uV3dyASf842or39ZZQKfcMU=
-33,29,n7LGqwJFsDaRyQeO0mBlCK+xSkw=,C7BwtOFfuTwrq2VSvd0bIJ62x/w=
-33,31,n7LGqwJFsDaRyQeO0mBlCK+xSkw=,3xcYb3AFSmrlfahudmwon9m75Cc=
-33,30,4L8o3i2Hgu6IlBhvHNrCKSytvW0=,3xcYb3AFSmrlfahudmwon9m75Cc=
-34,31,4L8o3i2Hgu6IlBhvHNrCKSytvW0=,3xcYb3AFSmrlfahudmwon9m75Cc=
-35,31,kgErBQXR3cKW+tMYhmDuvT7rrYE=,wHkWuUGD89FfvpbJcvtoz3pwPck=
-35,27,kgErBQXR3cKW+tMYhmDuvT7rrYE=,hl5IqmkXjcgiC3RwB9HA6UGjPZ0=
-35,29,kgErBQXR3cKW+tMYhmDuvT7rrYE=,zJ7SPUC6nOOAPauazZTP5QlMlnI=
-37,31,mbLRph7tmnaxSEs+MMUa4W2uqrE=,hre6UrfJ/4dJmYwec+VZwETud+o=
-34,28,mbLRph7tmnaxSEs+MMUa4W2uqrE=,C7BwtOFfuTwrq2VSvd0bIJ62x/w=
-36,31,mbLRph7tmnaxSEs+MMUa4W2uqrE=,wHkWuUGD89FfvpbJcvtoz3pwPck=
-35,28,mbLRph7tmnaxSEs+MMUa4W2uqrE=,zJ7SPUC6nOOAPauazZTP5QlMlnI=
-35,30,EqN5ZpDef2S5q1Rs7B8iZJS/3bk=,wHkWuUGD89FfvpbJcvtoz3pwPck=
-34,30,EqN5ZpDef2S5q1Rs7B8iZJS/3bk=,3xcYb3AFSmrlfahudmwon9m75Cc=
-34,29,hfTVBWV3JSU6bYIecA3SGY714cs=,C7BwtOFfuTwrq2VSvd0bIJ62x/w=
-34,27,hfTVBWV3JSU6bYIecA3SGY714cs=,7Wv+uV3dyASf842or39ZZQKfcMU=
-38,31,hfTVBWV3JSU6bYIecA3SGY714cs=,hre6UrfJ/4dJmYwec+VZwETud+o=
-37,29,hfTVBWV3JSU6bYIecA3SGY714cs=,Hskkchm8xz8BJ9uj9m/iBBkF2FI=
-39,31,hfTVBWV3JSU6bYIecA3SGY714cs=,VinyVq7pfVCtHw+lwoqpUhZNzdA=
-36,29,Ursv50Aaoi8MMkResSBbtHeUIUw=,zJ7SPUC6nOOAPauazZTP5QlMlnI=
-37,30,Ursv50Aaoi8MMkResSBbtHeUIUw=,hre6UrfJ/4dJmYwec+VZwETud+o=
-36,30,kiBv/3XiAact3EQknn7jZvhBqao=,wHkWuUGD89FfvpbJcvtoz3pwPck=
-44,31,kiBv/3XiAact3EQknn7jZvhBqao=,qHmmqeswPJ/MhVE3mv/GTgqHTS0=
-39,29,H0ZD8/zi6X4MsPDBolmxQNjbunk=,xZO4FiVrh8xpIKLSpIcsjSt6mHU=
-38,29,H0ZD8/zi6X4MsPDBolmxQNjbunk=,Hskkchm8xz8BJ9uj9m/iBBkF2FI=
-38,30,Hyr5NhoPDFk64woSph3AwH1vq4w=,hre6UrfJ/4dJmYwec+VZwETud+o=
-44,29,Hyr5NhoPDFk64woSph3AwH1vq4w=,s19orUP9h5gH2T/MsKsQwtsKGNU=
-44,30,Hyr5NhoPDFk64woSph3AwH1vq4w=,qHmmqeswPJ/MhVE3mv/GTgqHTS0=
-39,30,49+g/BByG+3tTf8NzDHOjs1Fw5M=,VinyVq7pfVCtHw+lwoqpUhZNzdA=
-44,27,49+g/BByG+3tTf8NzDHOjs1Fw5M=,s19orUP9h5gH2T/MsKsQwtsKGNU=
-44,26,49+g/BByG+3tTf8NzDHOjs1Fw5M=,s19orUP9h5gH2T/MsKsQwtsKGNU=
-44,25,49+g/BByG+3tTf8NzDHOjs1Fw5M=,k5Ghr4x1RjPBVfpgnlaXc9i2P7U=
-44,28,49+g/BByG+3tTf8NzDHOjs1Fw5M=,s19orUP9h5gH2T/MsKsQwtsKGNU=
-41,31,v8dOFI3kvxPuW1Qmjw7FioO90XY=,7XuaqFWUeEkU88yAafzTwxMI6WM=
-42,31,v8dOFI3kvxPuW1Qmjw7FioO90XY=,7XuaqFWUeEkU88yAafzTwxMI6WM=
-40,31,v8dOFI3kvxPuW1Qmjw7FioO90XY=,VinyVq7pfVCtHw+lwoqpUhZNzdA=
-43,31,v8dOFI3kvxPuW1Qmjw7FioO90XY=,qHmmqeswPJ/MhVE3mv/GTgqHTS0=
-43,29,wzpWqBFVNuFYFwGkoYTBzL5N7ys=,s19orUP9h5gH2T/MsKsQwtsKGNU=
-41,29,s79WDnTnAOnNhM+2634kqDpn8Kc=,EXXC0M3SmOAF9eOa1tWNJO5uCFY=
-43,30,s79WDnTnAOnNhM+2634kqDpn8Kc=,qHmmqeswPJ/MhVE3mv/GTgqHTS0=
-40,29,s79WDnTnAOnNhM+2634kqDpn8Kc=,xZO4FiVrh8xpIKLSpIcsjSt6mHU=
-42,29,s79WDnTnAOnNhM+2634kqDpn8Kc=,EXXC0M3SmOAF9eOa1tWNJO5uCFY=
-41,30,s79WDnTnAOnNhM+2634kqDpn8Kc=,7XuaqFWUeEkU88yAafzTwxMI6WM=
-42,30,VP5T6ydF3fc+rIdvijtHZiIMHzc=,7XuaqFWUeEkU88yAafzTwxMI6WM=
-40,30,VP5T6ydF3fc+rIdvijtHZiIMHzc=,VinyVq7pfVCtHw+lwoqpUhZNzdA=
-43,27,VP5T6ydF3fc+rIdvijtHZiIMHzc=,s19orUP9h5gH2T/MsKsQwtsKGNU=
-40,27,VP5T6ydF3fc+rIdvijtHZiIMHzc=,c287IEURXcQcGuo2ehuBgNWpA5Q=
-40,28,VP5T6ydF3fc+rIdvijtHZiIMHzc=,xZO4FiVrh8xpIKLSpIcsjSt6mHU=
-43,28,VP5T6ydF3fc+rIdvijtHZiIMHzc=,s19orUP9h5gH2T/MsKsQwtsKGNU=
-40,26,VP5T6ydF3fc+rIdvijtHZiIMHzc=,c287IEURXcQcGuo2ehuBgNWpA5Q=
-41,27,0p5ERrw4EFFBN4VyeVaLxn+Qq1o=,UAb54U7wWIIYak8rj7Lri69ZCCE=
-41,28,0p5ERrw4EFFBN4VyeVaLxn+Qq1o=,EXXC0M3SmOAF9eOa1tWNJO5uCFY=
-43,26,0p5ERrw4EFFBN4VyeVaLxn+Qq1o=,s19orUP9h5gH2T/MsKsQwtsKGNU=
-37,25,0p5ERrw4EFFBN4VyeVaLxn+Qq1o=,3COFVBbd0ZdgX38FfKnR2n8ZAJ4=
-42,27,0p5ERrw4EFFBN4VyeVaLxn+Qq1o=,UAb54U7wWIIYak8rj7Lri69ZCCE=
-37,28,0p5ERrw4EFFBN4VyeVaLxn+Qq1o=,Hskkchm8xz8BJ9uj9m/iBBkF2FI=
-41,26,0p5ERrw4EFFBN4VyeVaLxn+Qq1o=,UAb54U7wWIIYak8rj7Lri69ZCCE=
-39,28,0p5ERrw4EFFBN4VyeVaLxn+Qq1o=,xZO4FiVrh8xpIKLSpIcsjSt6mHU=
-42,26,0p5ERrw4EFFBN4VyeVaLxn+Qq1o=,UAb54U7wWIIYak8rj7Lri69ZCCE=
-40,25,0p5ERrw4EFFBN4VyeVaLxn+Qq1o=,VinyVq7pfVCtHw+lwoqpUhZNzdA=
-38,25,0p5ERrw4EFFBN4VyeVaLxn+Qq1o=,3COFVBbd0ZdgX38FfKnR2n8ZAJ4=
-41,25,0p5ERrw4EFFBN4VyeVaLxn+Qq1o=,3YBcE+R4xlZhdJlpmbEKeMZCf2s=
-39,26,0p5ERrw4EFFBN4VyeVaLxn+Qq1o=,c287IEURXcQcGuo2ehuBgNWpA5Q=
-42,25,0p5ERrw4EFFBN4VyeVaLxn+Qq1o=,3YBcE+R4xlZhdJlpmbEKeMZCf2s=
-43,25,0p5ERrw4EFFBN4VyeVaLxn+Qq1o=,k5Ghr4x1RjPBVfpgnlaXc9i2P7U=
-36,25,0p5ERrw4EFFBN4VyeVaLxn+Qq1o=,NIybxN2oQGCDB7ZKmftXccyj3eo=
-42,28,0p5ERrw4EFFBN4VyeVaLxn+Qq1o=,EXXC0M3SmOAF9eOa1tWNJO5uCFY=
-37,26,0p5ERrw4EFFBN4VyeVaLxn+Qq1o=,hgy1WibPRdyLHFtwmafFGPIagg0=
-39,25,0p5ERrw4EFFBN4VyeVaLxn+Qq1o=,VinyVq7pfVCtHw+lwoqpUhZNzdA=
-36,26,0p5ERrw4EFFBN4VyeVaLxn+Qq1o=,hl5IqmkXjcgiC3RwB9HA6UGjPZ0=
-38,28,0p5ERrw4EFFBN4VyeVaLxn+Qq1o=,Hskkchm8xz8BJ9uj9m/iBBkF2FI=
-38,26,0p5ERrw4EFFBN4VyeVaLxn+Qq1o=,hgy1WibPRdyLHFtwmafFGPIagg0=
-39,27,qaSu6KCqjJ/H9DJfk3Rmj6rkHm0=,c287IEURXcQcGuo2ehuBgNWpA5Q=
-36,28,qaSu6KCqjJ/H9DJfk3Rmj6rkHm0=,zJ7SPUC6nOOAPauazZTP5QlMlnI=
-36,27,qaSu6KCqjJ/H9DJfk3Rmj6rkHm0=,hl5IqmkXjcgiC3RwB9HA6UGjPZ0=
-37,27,qaSu6KCqjJ/H9DJfk3Rmj6rkHm0=,hgy1WibPRdyLHFtwmafFGPIagg0=
-38,27,qaSu6KCqjJ/H9DJfk3Rmj6rkHm0=,hgy1WibPRdyLHFtwmafFGPIagg0=
