32,37,mugyoHWEmAvk/rk7m6sXkogTSrQ=,qZivs+fqLP+r7hd6iYkS98+WCTc=
34,43,mugyoHWEmAvk/rk7m6sXkogTSrQ=,q40r8jrkG5H6QVg2U7wiL8K+12g=
32,35,mugyoHWEmAvk/rk7m6sXkogTSrQ=,ALVjwRMh2MP4ch0tuVFBMqPh0rg=
32,36,mugyoHWEmAvk/rk7m6sXkogTSrQ=,qZivs+fqLP+r7hd6iYkS98+WCTc=
35,34,q2VNwzsHPY2O4ugmUp6uPYGfaHs=,L4bdjq/AIdkcjB9ADt1Bi5mMSvU=
35,33,q2VNwzsHPY2O4ugmUp6uPYGfaHs=,7bwFZFEQnQ65pzULBYMl08AueUc=
35,32,q2VNwzsHPY2O4ugmUp6uPYGfaHs=,7bwFZFEQnQ65pzULBYMl08AueUc=
35,43,0WVtJmpT5+2MIJKm3YKr0VXFN3s=,q40r8jrkG5H6QVg2U7wiL8K+12g=
36,43,0WVtJmpT5+2MIJKm3YKr0VXFN3s=,8gJubm69rCyum3+z6rJ7C8ctqFQ=
38,43,0WVtJmpT5+2MIJKm3YKr0VXFN3s=,jUKrBqO6ZAiGOKBr6d5Br4lFcjQ=
37,43,0WVtJmpT5+2MIJKm3YKr0VXFN3s=,8gJubm69rCyum3+z6rJ7C8ctqFQ=
33,33,3p465ZVjsr4AYms12i7gOwZbsiM=,sfwicTE6DvLV1d2QnfTWfvFc5fA=
32,33,3p465ZVjsr4AYms12i7gOwZbsiM=,sfwicTE6DvLV1d2QnfTWfvFc5fA=
33,32,MRMaFAzFQ2uuCBLcG7N6gxkKvyg=,sfwicTE6DvLV1d2QnfTWfvFc5fA=
39,43,MRMaFAzFQ2uuCBLcG7N6gxkKvyg=,jUKrBqO6ZAiGOKBr6d5Br4lFcjQ=
41,43,MRMaFAzFQ2uuCBLcG7N6gxkKvyg=,8UTAeWlDk+Am7iV/NH5zlF8TbDU=
40,43,MRMaFAzFQ2uuCBLcG7N6gxkKvyg=,8UTAeWlDk+Am7iV/NH5zlF8TbDU=
32,32,MRMaFAzFQ2uuCBLcG7N6gxkKvyg=,sfwicTE6DvLV1d2QnfTWfvFc5fA=
34,34,165MV1rbeIx5FdSY1kMmJbt89WE=,L4bdjq/AIdkcjB9ADt1Bi5mMSvU=
34,33,165MV1rbeIx5FdSY1kMmJbt89WE=,7bwFZFEQnQ65pzULBYMl08AueUc=
41,37,dl57YfSsb7XNo1GCbMBdEV5U26g=,57k6Q3gvFRD4Clpj8aoKjpMA3zo=
41,36,dl57YfSsb7XNo1GCbMBdEV5U26g=,57k6Q3gvFRD4Clpj8aoKjpMA3zo=
41,38,dl57YfSsb7XNo1GCbMBdEV5U26g=,ejdJzF+sdTEXLANzLd2Xsg7ucRo=
33,34,dl57YfSsb7XNo1GCbMBdEV5U26g=,ALVjwRMh2MP4ch0tuVFBMqPh0rg=
32,34,dl57YfSsb7XNo1GCbMBdEV5U26g=,ALVjwRMh2MP4ch0tuVFBMqPh0rg=
41,39,dl57YfSsb7XNo1GCbMBdEV5U26g=,ejdJzF+sdTEXLANzLd2Xsg7ucRo=
41,41,dl57YfSsb7XNo1GCbMBdEV5U26g=,DPhNJwfb8qExtV/HKFr6WGaAMNA=
34,32,xK8QW7FruiilI5F03Aq96B8KtCs=,7bwFZFEQnQ65pzULBYMl08AueUc=
41,40,xK8QW7FruiilI5F03Aq96B8KtCs=,DPhNJwfb8qExtV/HKFr6WGaAMNA=
41,42,xK8QW7FruiilI5F03Aq96B8KtCs=,8UTAeWlDk+Am7iV/NH5zlF8TbDU=
39,41,IbVkA389wRgJMtXbBXbqBIQnAS8=,nPh/EpRLPH1oxjdd4y5Eqh6CwdU=
40,41,IbVkA389wRgJMtXbBXbqBIQnAS8=,DPhNJwfb8qExtV/HKFr6WGaAMNA=
39,42,OEnXChdJ6HUUk0VK5uaUEU5lUDE=,jUKrBqO6ZAiGOKBr6d5Br4lFcjQ=
40,42,OEnXChdJ6HUUk0VK5uaUEU5lUDE=,8UTAeWlDk+Am7iV/NH5zlF8TbDU=
40,36,fk95C4Con5rnRuGn6+xB5qhTi/s=,57k6Q3gvFRD4Clpj8aoKjpMA3zo=
39,36,fk95C4Con5rnRuGn6+xB5qhTi/s=,bTKTTxBLfJJSC2doPzO7FHV4W0M=
37,36,OV9fA5lD6+eDe5nEH82Vtomh5c8=,d9XsxXPC9fa9hvxM9PA/5o6fNgc=
36,36,OV9fA5lD6+eDe5nEH82Vtomh5c8=,d9XsxXPC9fa9hvxM9PA/5o6fNgc=
35,35,OV9fA5lD6+eDe5nEH82Vtomh5c8=,L4bdjq/AIdkcjB9ADt1Bi5mMSvU=
38,36,OV9fA5lD6+eDe5nEH82Vtomh5c8=,bTKTTxBLfJJSC2doPzO7FHV4W0M=
33,35,OV9fA5lD6+eDe5nEH82Vtomh5c8=,ALVjwRMh2MP4ch0tuVFBMqPh0rg=
35,36,OV9fA5lD6+eDe5nEH82Vtomh5c8=,dQ2mR2SoVlYJVBVk/Oe+Lv8gSAg=
34,35,OV9fA5lD6+eDe5nEH82Vtomh5c8=,L4bdjq/AIdkcjB9ADt1Bi5mMSvU=
33,37,OV9fA5lD6+eDe5nEH82Vtomh5c8=,qZivs+fqLP+r7hd6iYkS98+WCTc=
33,36,0qAmRW/JSoNxASVS0gyybd3Ku3Y=,qZivs+fqLP+r7hd6iYkS98+WCTc=
34,37,0qAmRW/JSoNxASVS0gyybd3Ku3Y=,dQ2mR2SoVlYJVBVk/Oe+Lv8gSAg=
34,38,0qAmRW/JSoNxASVS0gyybd3Ku3Y=,a6M+EUN2Y0lVo9EZGOvwLa8Z7IQ=
34,36,0qAmRW/JSoNxASVS0gyybd3Ku3Y=,dQ2mR2SoVlYJVBVk/Oe+Lv8gSAg=
34,41,9sXhO9o6mFQv7nLnebEPWB0PoLA=,pZhK6mt5PQguECck62Q76kGPvuw=
34,40,9sXhO9o6mFQv7nLnebEPWB0PoLA=,pZhK6mt5PQguECck62Q76kGPvuw=
34,39,9sXhO9o6mFQv7nLnebEPWB0PoLA=,a6M+EUN2Y0lVo9EZGOvwLa8Z7IQ=
34,42,9sXhO9o6mFQv7nLnebEPWB0PoLA=,q40r8jrkG5H6QVg2U7wiL8K+12g=
40,39,Q/u6Y9q1NMM2/NP6CSihMj/DSbs=,ejdJzF+sdTEXLANzLd2Xsg7ucRo=
40,37,Q/u6Y9q1NMM2/NP6CSihMj/DSbs=,57k6Q3gvFRD4Clpj8aoKjpMA3zo=
39,40,Q/u6Y9q1NMM2/NP6CSihMj/DSbs=,nPh/EpRLPH1oxjdd4y5Eqh6CwdU=
40,40,Q/u6Y9q1NMM2/NP6CSihMj/DSbs=,DPhNJwfb8qExtV/HKFr6WGaAMNA=
39,37,Q/u6Y9q1NMM2/NP6CSihMj/DSbs=,bTKTTxBLfJJSC2doPzO7FHV4W0M=
39,39,jcNns7+U00gi/E+bOWhzxzoIQGY=,xFCnsLbpxqOfQgBiFfuZHjyXqN4=
39,38,jcNns7+U00gi/E+bOWhzxzoIQGY=,xFCnsLbpxqOfQgBiFfuZHjyXqN4=
40,38,jcNns7+U00gi/E+bOWhzxzoIQGY=,ejdJzF+sdTEXLANzLd2Xsg7ucRo=
37,37,jcNns7+U00gi/E+bOWhzxzoIQGY=,d9XsxXPC9fa9hvxM9PA/5o6fNgc=
36,37,jcNns7+U00gi/E+bOWhzxzoIQGY=,d9XsxXPC9fa9hvxM9PA/5o6fNgc=
38,37,jcNns7+U00gi/E+bOWhzxzoIQGY=,bTKTTxBLfJJSC2doPzO7FHV4W0M=
35,38,jcNns7+U00gi/E+bOWhzxzoIQGY=,a6M+EUN2Y0lVo9EZGOvwLa8Z7IQ=
35,37,jcNns7+U00gi/E+bOWhzxzoIQGY=,dQ2mR2SoVlYJVBVk/Oe+Lv8gSAg=
37,38,jcNns7+U00gi/E+bOWhzxzoIQGY=,OwuCJ/6q7762/8HkEsv4ZwrJ8nM=
38,38,UTjwqobBbWTyK7bMo+QKs8z02oI=,xFCnsLbpxqOfQgBiFfuZHjyXqN4=
36,38,UTjwqobBbWTyK7bMo+QKs8z02oI=,OwuCJ/6q7762/8HkEsv4ZwrJ8nM=
35,41,UTjwqobBbWTyK7bMo+QKs8z02oI=,pZhK6mt5PQguECck62Q76kGPvuw=
35,40,UTjwqobBbWTyK7bMo+QKs8z02oI=,pZhK6mt5PQguECck62Q76kGPvuw=
37,41,UTjwqobBbWTyK7bMo+QKs8z02oI=,8EGLICW0gIJGR0RAbZeF7kZR1Iw=
38,41,fSgZV8KFRMyUR/r54UYKU3bARC4=,nPh/EpRLPH1oxjdd4y5Eqh6CwdU=
36,41,fSgZV8KFRMyUR/r54UYKU3bARC4=,8EGLICW0gIJGR0RAbZeF7kZR1Iw=
35,39,fSgZV8KFRMyUR/r54UYKU3bARC4=,a6M+EUN2Y0lVo9EZGOvwLa8Z7IQ=
38,40,fSgZV8KFRMyUR/r54UYKU3bARC4=,nPh/EpRLPH1oxjdd4y5Eqh6CwdU=
37,40,fSgZV8KFRMyUR/r54UYKU3bARC4=,8EGLICW0gIJGR0RAbZeF7kZR1Iw=
36,40,fSgZV8KFRMyUR/r54UYKU3bARC4=,8EGLICW0gIJGR0RAbZeF7kZR1Iw=
38,39,fSgZV8KFRMyUR/r54UYKU3bARC4=,xFCnsLbpxqOfQgBiFfuZHjyXqN4=
35,42,fSgZV8KFRMyUR/r54UYKU3bARC4=,q40r8jrkG5H6QVg2U7wiL8K+12g=
38,42,fSgZV8KFRMyUR/r54UYKU3bARC4=,jUKrBqO6ZAiGOKBr6d5Br4lFcjQ=
37,42,fSgZV8KFRMyUR/r54UYKU3bARC4=,8gJubm69rCyum3+z6rJ7C8ctqFQ=
37,39,fSgZV8KFRMyUR/r54UYKU3bARC4=,OwuCJ/6q7762/8HkEsv4ZwrJ8nM=
36,39,fSgZV8KFRMyUR/r54UYKU3bARC4=,OwuCJ/6q7762/8HkEsv4ZwrJ8nM=
36,42,fSgZV8KFRMyUR/r54UYKU3bARC4=,8gJubm69rCyum3+z6rJ7C8ctqFQ=
