-22,0,aSTxYdMN8xeHWDpLpEnK7negYwg=,qlgWQ7x1W+XABIN7XrauFYlRIaI=
-21,0,aSTxYdMN8xeHWDpLpEnK7negYwg=,56C3h5b5S0ms/rCpJeb+clo8TAw=
-20,0,aSTxYdMN8xeHWDpLpEnK7negYwg=,2fsJflZtj7unWwkEHHsStjYfL0s=
-19,0,aSTxYdMN8xeHWDpLpEnK7negYwg=,znVMTHFi1ef5caJS/gDockX5gvg=
-18,0,aSTxYdMN8xeHWDpLpEnK7negYwg=,RbA+ty8s2CS48r8+9D7/6OvRQqg=
-17,0,aSTxYdMN8xeHWDpLpEnK7negYwg=,N8RoM1uDeWQYr+Jwqy/hnlIDakg=
-16,0,aSTxYdMN8xeHWDpLpEnK7negYwg=,YB50hjOBBQky2osUA4X8v+hSTZ4=
-15,0,aSTxYdMN8xeHWDpLpEnK7negYwg=,gI0rrmTqZiO0kyYe/T4kVPsMuKk=
-14,0,aSTxYdMN8xeHWDpLpEnK7negYwg=,7n2CTFIjRpIruLPYgTdQBmNxHsM=
-13,0,aSTxYdMN8xeHWDpLpEnK7negYwg=,pAZX9+4/nNBy6+nGfhTfXKya38w=
-12,0,aSTxYdMN8xeHWDpLpEnK7negYwg=,3ppqZ4XuEtojWRaVMYF0tkrhXmc=
-11,0,aSTxYdMN8xeHWDpLpEnK7negYwg=,RqWCG75B5sGYgNXDkJZ9XkH+lGM=
-10,0,0lbq0sUWaSPnlo0UlatRdvV6YuM=,bjEz7cpv767fj/1wCdtXqdScovU=
-9,0,0lbq0sUWaSPnlo0UlatRdvV6YuM=,xHVpe9Tzq+ZAmwy1Ah75m5FizY0=
-8,0,0lbq0sUWaSPnlo0UlatRdvV6YuM=,WbOr3ORAIkctvqty0Be0VkdfjmM=
-7,0,0lbq0sUWaSPnlo0UlatRdvV6YuM=,0J7B3QAyi/JA467gXne4+TsaAKY=
-6,0,0lbq0sUWaSPnlo0UlatRdvV6YuM=,lApW+Sgl+UyKpby2X+giNaE1TE4=
-5,0,0lbq0sUWaSPnlo0UlatRdvV6YuM=,QNQLYWrraxfrbx4AFTqPgypUFdA=
-4,0,0lbq0sUWaSPnlo0UlatRdvV6YuM=,eHilPwMzTiMWGJ8ziFKINP5+iOM=
-3,0,0lbq0sUWaSPnlo0UlatRdvV6YuM=,KWnaGWYGmxOivYSoilQhhR07ejA=
-2,0,0lbq0sUWaSPnlo0UlatRdvV6YuM=,hTJS2eOTc/ohoOH9IWwy/tNXi4o=
-1,0,0lbq0sUWaSPnlo0UlatRdvV6YuM=,MaB7W2vp4EwMYUkymh0a5pEbtLQ=
-22,1,0lbq0sUWaSPnlo0UlatRdvV6YuM=,FNmldoAMJr14KgE4LJRFWlErnPQ=
-21,1,0lbq0sUWaSPnlo0UlatRdvV6YuM=,3lS8KiRnBLs4bHCj9OKEW0kW1GQ=
-20,1,0lbq0sUWaSPnlo0UlatRdvV6YuM=,FpfDLMLPyO3W2HuejYNWK2Vqobo=
-19,1,0lbq0sUWaSPnlo0UlatRdvV6YuM=,QpjlduyzdQfNQmkHb/07Krv/CZE=
-18,1,0lbq0sUWaSPnlo0UlatRdvV6YuM=,dRnqITQ5RejxRv4xdaHmBNbSAz4=
-17,1,0lbq0sUWaSPnlo0UlatRdvV6YuM=,PjKFA/ejgDFLcIDpGx11l5oSZ/M=
-16,1,0lbq0sUWaSPnlo0UlatRdvV6YuM=,WwW+mUx/7rCAVgTFZKL/kwq9ZUs=
-15,1,0lbq0sUWaSPnlo0UlatRdvV6YuM=,qhzhGW64usQJR36TyZE9W7GUv38=
-14,1,jialBKHEpGCuZ5rDGHPoEsXxdPY=,oGNPc6EqXNDfeor0GJ9e1crcj4Y=
-13,1,jialBKHEpGCuZ5rDGHPoEsXxdPY=,AG5Alt+ihUObjfW6UUxDwPOypZg=
-12,1,jialBKHEpGCuZ5rDGHPoEsXxdPY=,2HqNNHvcJ9KZEppByYybrYHoL7Q=
-11,1,jialBKHEpGCuZ5rDGHPoEsXxdPY=,iitBPoSnCQysrgrcQhHM6iX9bps=
-10,1,jialBKHEpGCuZ5rDGHPoEsXxdPY=,Y36+/tBi/E2IFA+5sA8zwoZO/zw=
-9,1,jialBKHEpGCuZ5rDGHPoEsXxdPY=,kHSd9O/ftVK9h2iBAafCnH9aM6A=
-8,1,jialBKHEpGCuZ5rDGHPoEsXxdPY=,gs58QC3BslelUxTAh5y753DF9vQ=
-7,1,jialBKHEpGCuZ5rDGHPoEsXxdPY=,DTO1CwALlYC7cbT5sx+l7ZximRc=
-6,1,jialBKHEpGCuZ5rDGHPoEsXxdPY=,pQnhScC7BDIpBuIdUeLAAxbDp44=
-5,1,jialBKHEpGCuZ5rDGHPoEsXxdPY=,pULrAmWda/QKcgWvPNASG2FJvMI=
-4,1,jialBKHEpGCuZ5rDGHPoEsXxdPY=,1SQjhgVq1Q6EJ3ZI75wNguG5uN4=
-3,1,jialBKHEpGCuZ5rDGHPoEsXxdPY=,ffsR2OqrANBYObLHZxGFprZB2U8=
-2,1,jialBKHEpGCuZ5rDGHPoEsXxdPY=,rMmdLPq+zaEbtmasgVccJYMDthw=
-1,1,jialBKHEpGCuZ5rDGHPoEsXxdPY=,7eRBZiC6JEUC/pJg1qrhwl6fK4E=
-22,2,jialBKHEpGCuZ5rDGHPoEsXxdPY=,2lvQPKApAKMynWlJHJp2Dt8RxkI=
-21,2,jialBKHEpGCuZ5rDGHPoEsXxdPY=,7Y6apJYhhTbRhDAT1XjwLFn6/0Y=
-20,2,jialBKHEpGCuZ5rDGHPoEsXxdPY=,9B0u/ZiULe0z++LfgKlbrIbUChE=
-19,2,jialBKHEpGCuZ5rDGHPoEsXxdPY=,yFeXWQXp+/uv7fRIghNKf6OWnSQ=
-18,2,jialBKHEpGCuZ5rDGHPoEsXxdPY=,l5xbKnBSIl6A1IHt4bMrzTLyyls=
-17,2,jialBKHEpGCuZ5rDGHPoEsXxdPY=,R09Qqpgenjd+PD+P1rmQ6DFJUE4=
-16,2,jialBKHEpGCuZ5rDGHPoEsXxdPY=,hs54Rj/dm8kXfzLjPoHuaPSdb5E=
-15,2,jialBKHEpGCuZ5rDGHPoEsXxdPY=,MmQoXdwVRxIuDSCZwpAYP/BSvlA=
-14,2,LLsLOxMAWc9wBV2QeLgTlOpJxvY=,YH39dJ6dxLfRD8ld1eu/gfozePE=
-13,2,LLsLOxMAWc9wBV2QeLgTlOpJxvY=,YYbTW62+oAJTWISXxBw6QLzgcOQ=
-12,2,LLsLOxMAWc9wBV2QeLgTlOpJxvY=,rR81B7jrfkZwxOLqJ873q2kDGJc=
-11,2,LLsLOxMAWc9wBV2QeLgTlOpJxvY=,6tYEwYT4TxvCAMQii9/IVdu6xWY=
-10,2,LLsLOxMAWc9wBV2QeLgTlOpJxvY=,Y36+/tBi/E2IFA+5sA8zwoZO/zw=
-9,2,LLsLOxMAWc9wBV2QeLgTlOpJxvY=,AvNIefWsXe0C1MoxvGQGVjjEFkc=
-8,2,LLsLOxMAWc9wBV2QeLgTlOpJxvY=,MosFrOK+ssW1K0tYSL7zLLPy03k=
-7,2,LLsLOxMAWc9wBV2QeLgTlOpJxvY=,T/G5qZyKflBGwyjRWpL+YQIE1mE=
-6,2,LLsLOxMAWc9wBV2QeLgTlOpJxvY=,/S83iuxUuhHOjx0a5YZ1z0BBWH8=
-5,2,LLsLOxMAWc9wBV2QeLgTlOpJxvY=,JheaazoAsMk9T54IGWT/yEcWA0E=
-4,2,LLsLOxMAWc9wBV2QeLgTlOpJxvY=,/nks3Pzz8jmcw/ZlYBuoIDr5gmM=
-3,2,LLsLOxMAWc9wBV2QeLgTlOpJxvY=,Uwjtg3sgp/axZ3fBcu4fcJNPpBI=
-2,2,LLsLOxMAWc9wBV2QeLgTlOpJxvY=,I6LZbz3UkNwRjHHwk+xEIuMiddo=
-1,2,LLsLOxMAWc9wBV2QeLgTlOpJxvY=,WigYbEJ17bG9wR+gA4+dxMnU/iM=
-22,3,LLsLOxMAWc9wBV2QeLgTlOpJxvY=,+00R/aiV++2CI91VV7MmcI5iOJ8=
-21,3,LLsLOxMAWc9wBV2QeLgTlOpJxvY=,UhvYdCGLRkV6B4bc9x0hzQI//EM=
-20,3,LLsLOxMAWc9wBV2QeLgTlOpJxvY=,XrhcBkadMENElkPSjR0bZR+Hrwo=
-19,3,LLsLOxMAWc9wBV2QeLgTlOpJxvY=,Jbs7LTZcMs0FfECks+kmIGiLWcw=
-18,3,LLsLOxMAWc9wBV2QeLgTlOpJxvY=,0vFlh+BDELLkWzXi8FZvyqspqA8=
-17,3,LLsLOxMAWc9wBV2QeLgTlOpJxvY=,RcVz1J+2qkAuTwer9OmWgcyk0f4=
-16,3,LLsLOxMAWc9wBV2QeLgTlOpJxvY=,MHplq3+KIW5coVa7GKGo5zyf36Y=
-15,3,LLsLOxMAWc9wBV2QeLgTlOpJxvY=,LDyOoLUOxfelW3TE0lohe3USWD0=
-14,3,LLsLOxMAWc9wBV2QeLgTlOpJxvY=,lEpwYdC8n6o6jOmHqsrnx7MJpps=
-13,3,Q6wyR0BtTuU3djWYUhyNt++7rsY=,nxA2UVpcoeHygl1ycMbvxbwsXWc=
-12,3,Q6wyR0BtTuU3djWYUhyNt++7rsY=,r1lLNGldppWM6gDujN+NVwZke0s=
-11,3,Q6wyR0BtTuU3djWYUhyNt++7rsY=,6tYEwYT4TxvCAMQii9/IVdu6xWY=
-10,3,Q6wyR0BtTuU3djWYUhyNt++7rsY=,mgmPRjztu3bV7d++1n9KnK2F5HY=
-9,3,Q6wyR0BtTuU3djWYUhyNt++7rsY=,Qt2FCpLY/eQWuVhFJEdOrcQlpGs=
-8,3,Q6wyR0BtTuU3djWYUhyNt++7rsY=,7N5GEBSvJbraC89IOaD/lGK80Yw=
-7,3,Q6wyR0BtTuU3djWYUhyNt++7rsY=,4miPoiIEsN/o2aE/SL1R96dSHHE=
-6,3,Q6wyR0BtTuU3djWYUhyNt++7rsY=,Tg1P1F41A/z1P2uApTKv4zd8jrk=
-5,3,Q6wyR0BtTuU3djWYUhyNt++7rsY=,mP8ZgGF6O6qCJ3CKmIyIeItZBv8=
-4,3,Q6wyR0BtTuU3djWYUhyNt++7rsY=,e6mgD9Val24lUlmmgKIxoGHHz14=
-3,3,Q6wyR0BtTuU3djWYUhyNt++7rsY=,tdLvPb5kGwUTX6JK0yESCvFG7Ns=
-2,3,Q6wyR0BtTuU3djWYUhyNt++7rsY=,/Gro+VrstzldBIDTLA5GKuFwUdU=
-1,3,Q6wyR0BtTuU3djWYUhyNt++7rsY=,DDI/azyxzWE+tyVXrmNZZ8vNZ5Q=
-22,4,Q6wyR0BtTuU3djWYUhyNt++7rsY=,as9QKtDirOHREa5/7x8kg1cA+uI=
-21,4,Q6wyR0BtTuU3djWYUhyNt++7rsY=,tyeUKWsxSFpOs7mRW1zwq2gTJYo=
-20,4,Q6wyR0BtTuU3djWYUhyNt++7rsY=,zycX5D9KGGAGf+sVyM0x4dzWuRI=
-19,4,Q6wyR0BtTuU3djWYUhyNt++7rsY=,E1ZB+l1wAETeKFVo/YD19iqiH3A=
-18,4,Q6wyR0BtTuU3djWYUhyNt++7rsY=,Q+PAbUzQCWmkMuc2vIqLkt5ItgM=
-17,4,Q6wyR0BtTuU3djWYUhyNt++7rsY=,Wx7xWB5HpoFZPt+0kNShxeJO+Ts=
-16,4,Q6wyR0BtTuU3djWYUhyNt++7rsY=,u9rhVHv9ELV3yqyeLR+PTAsbkCA=
-15,4,Q6wyR0BtTuU3djWYUhyNt++7rsY=,OlLQ+yXpyitmNHzRIfg9LV3RCzY=
-14,4,LVo3eudIk9niWc/jOBRXgYb1bE0=,rL+zxmdGaAj+VvUccH2xzkUOSMU=
-13,4,LVo3eudIk9niWc/jOBRXgYb1bE0=,b7H6MI2LVKrVaYqdqklKXX5k+GA=
-12,4,LVo3eudIk9niWc/jOBRXgYb1bE0=,ButtZ87Pw9MmHAuEXll18dVUDW4=
-11,4,LVo3eudIk9niWc/jOBRXgYb1bE0=,0D2EmnsugBudrPu2/qjUeh+wY8A=
-10,4,LVo3eudIk9niWc/jOBRXgYb1bE0=,nWKkDYFvH4ObZB0tNfN2Gg4HJe8=
-9,4,LVo3eudIk9niWc/jOBRXgYb1bE0=,4LyM2kCo+rkraIRim52/pGGblEY=
-8,4,LVo3eudIk9niWc/jOBRXgYb1bE0=,ZloDkahqp0bEkS9P81aBhWAc3cs=
-7,4,LVo3eudIk9niWc/jOBRXgYb1bE0=,EAYqcmJxx/8FB8fsDFAduMcVhbE=
-6,4,LVo3eudIk9niWc/jOBRXgYb1bE0=,ba+o/+jzUYreRxSpXyvRjKwySbM=
-5,4,LVo3eudIk9niWc/jOBRXgYb1bE0=,63xObvmARP8ZIwVlvEMLbZvfXSM=
-4,4,LVo3eudIk9niWc/jOBRXgYb1bE0=,dzmB2kazqVr73Ht/L3bqyc+aqQc=
-3,4,LVo3eudIk9niWc/jOBRXgYb1bE0=,XP4hn3ZDopqaQ21XLwMotspFHzc=
-2,4,LVo3eudIk9niWc/jOBRXgYb1bE0=,5qg6OCDAYdmQFkUdXVjbuKqJREE=
-1,4,LVo3eudIk9niWc/jOBRXgYb1bE0=,ur8nyhv9DKAUCYI4Rk7ryXSpzHw=
-22,5,LVo3eudIk9niWc/jOBRXgYb1bE0=,0EycO89Govi+xRI139XeXxdRWeg=
-21,5,LVo3eudIk9niWc/jOBRXgYb1bE0=,2dypJrosr1DMalu4QNghSDK408g=
-20,5,LVo3eudIk9niWc/jOBRXgYb1bE0=,nAGdMWabRbNSF1SkYVycmadPDzc=
-19,5,LVo3eudIk9niWc/jOBRXgYb1bE0=,WmAZab2Rud7AAjQMlxRIT0X2niY=
-18,5,LVo3eudIk9niWc/jOBRXgYb1bE0=,Z0xZaxptmkSdaa2jzWGLPzqft0E=
-17,5,LVo3eudIk9niWc/jOBRXgYb1bE0=,FWbVhg1RpvDtpsyTyLEUOt8qWQ8=
-16,5,LVo3eudIk9niWc/jOBRXgYb1bE0=,Jq2osiIoVQJvUjMAew1TSY+xzy4=
-15,5,y+sgyNaI73olPeA8c9VjNVEPYrg=,Dlw/UHrv4wDV83oj03F56PkCM+A=
-14,5,y+sgyNaI73olPeA8c9VjNVEPYrg=,bCzeI4rT+HgZvphfHvZlnpGV2X4=
-13,5,y+sgyNaI73olPeA8c9VjNVEPYrg=,HWwVg1WE+2ydNPdPTIFg4ReJnCw=
-12,5,y+sgyNaI73olPeA8c9VjNVEPYrg=,Iq2/cOD8JKUnMAXz3J9nwl9j6pU=
-11,5,y+sgyNaI73olPeA8c9VjNVEPYrg=,V21GwYAxaTKTcOKRaVGElfu6rTg=
-10,5,y+sgyNaI73olPeA8c9VjNVEPYrg=,cFI+UKp/MvsEq5+ibQBH1QHk1Fo=
-9,5,y+sgyNaI73olPeA8c9VjNVEPYrg=,BaA6ed6Z4bfXnxYHprpnB0UbEX0=
-8,5,y+sgyNaI73olPeA8c9VjNVEPYrg=,603OVi5l70vxQQ6bGyjoqFQHObE=
-7,5,y+sgyNaI73olPeA8c9VjNVEPYrg=,0g8tWBBABvSO5ZU+JNwuEM8XZKM=
-6,5,y+sgyNaI73olPeA8c9VjNVEPYrg=,YWWbvWKRwABsrmIXZfLd73zxrNI=
-5,5,y+sgyNaI73olPeA8c9VjNVEPYrg=,TY/uoH15vKwvozUxJSsIJ299UIk=
-4,5,y+sgyNaI73olPeA8c9VjNVEPYrg=,dmnE+2jhbuLyEbB04CY1rUt9RW8=
-3,5,y+sgyNaI73olPeA8c9VjNVEPYrg=,G2s/fXwR4fZjLHo5cFn+MCb7apU=
-2,5,y+sgyNaI73olPeA8c9VjNVEPYrg=,JV3kJUUq3235VhL2JKcz8qQKtZs=
-1,5,y+sgyNaI73olPeA8c9VjNVEPYrg=,UDaEj3AMSQJDM+r4JGO/qNdClwU=
-22,6,y+sgyNaI73olPeA8c9VjNVEPYrg=,Yh7g9ln6XCAJJHkEXUFBA09O6qw=
-21,6,y+sgyNaI73olPeA8c9VjNVEPYrg=,aXh+NKUaqfZyELZP93DLJdTW9Mk=
-20,6,y+sgyNaI73olPeA8c9VjNVEPYrg=,TiGO7pXWNHB+QqQjmuLPinDV+S0=
-19,6,y+sgyNaI73olPeA8c9VjNVEPYrg=,WojxD2krCcP1uqhULbhf6x/S9TE=
-18,6,y+sgyNaI73olPeA8c9VjNVEPYrg=,d9dxYuRcFNWP0ICN1mATdgoJwz0=
-17,6,y+sgyNaI73olPeA8c9VjNVEPYrg=,A04aOAR8pr89iQ76L+YfHZXZ/O4=
-16,6,y+sgyNaI73olPeA8c9VjNVEPYrg=,NX/4nodfQE0yUq/icGEo+h+qGW4=
-15,6,y+sgyNaI73olPeA8c9VjNVEPYrg=,eyP56pfEcGjp3pL9kPz1aSyDXN8=
-14,6,y+sgyNaI73olPeA8c9VjNVEPYrg=,Zh1FYWVkGhWriKMt5HR9TsxFUWI=
-13,6,KXnKe4I1ssSFjTqAW7GEZeZ43ZM=,S52/kdE49jIX9Hy6Ap0GQt8eysg=
-12,6,KXnKe4I1ssSFjTqAW7GEZeZ43ZM=,QkIoy31sOoEdtlVQWg1xfNzUCYg=
-11,6,KXnKe4I1ssSFjTqAW7GEZeZ43ZM=,gj6hb/CJem37Va7iAPGE0dWOTq8=
-10,6,KXnKe4I1ssSFjTqAW7GEZeZ43ZM=,JrjYipnyaMgiFJMzZ3+Z1UaTNac=
-9,6,KXnKe4I1ssSFjTqAW7GEZeZ43ZM=,iLb6LICUD+eIWYkPYInNoMHh8MY=
-8,6,KXnKe4I1ssSFjTqAW7GEZeZ43ZM=,1U+zcgyHD9tse9ftAniCtaN7+7Y=
-7,6,KXnKe4I1ssSFjTqAW7GEZeZ43ZM=,K6Q/5Mjun/KOEBAbWqvm1+lDfBk=
-6,6,KXnKe4I1ssSFjTqAW7GEZeZ43ZM=,WkBeH1hqY//Csbl26NKyBwfPCxM=
-5,6,KXnKe4I1ssSFjTqAW7GEZeZ43ZM=,NNyNqP1jIjf3mbMzjO9qZxdoZbg=
-4,6,KXnKe4I1ssSFjTqAW7GEZeZ43ZM=,cNawnDCj4B4C9PmpJ6oArS47VSI=
-3,6,KXnKe4I1ssSFjTqAW7GEZeZ43ZM=,BEQLse4Dkq6vvy5IPH6NyCD88Dc=
-2,6,KXnKe4I1ssSFjTqAW7GEZeZ43ZM=,e6ThKFB0mitAp+y9s4SI+nnbQrs=
-1,6,KXnKe4I1ssSFjTqAW7GEZeZ43ZM=,41lKvn3vqrXDQNSs5w8h57nAapU=
-22,7,KXnKe4I1ssSFjTqAW7GEZeZ43ZM=,PA6OYR7/nZZY6mxldJZtgiDRvYE=
-21,7,KXnKe4I1ssSFjTqAW7GEZeZ43ZM=,AiajmQ3nRKVBnz9u+/m2XB5HX0E=
-20,7,KXnKe4I1ssSFjTqAW7GEZeZ43ZM=,n20KmBXLF9M9sbrQju2D9NMDvXI=
-19,7,KXnKe4I1ssSFjTqAW7GEZeZ43ZM=,MbRjMJPYnNhQXkbDwNKrQNWjxEc=
-18,7,KXnKe4I1ssSFjTqAW7GEZeZ43ZM=,LaCLdMk5vl7iIrcTukP/hAK/PcY=
-17,7,KXnKe4I1ssSFjTqAW7GEZeZ43ZM=,GsT8bvYnxwOWmNFQ5VH323FbiFA=
-16,7,KXnKe4I1ssSFjTqAW7GEZeZ43ZM=,ojakV7U9sTDJ6pW25Ce5XMse9R0=
-15,7,KXnKe4I1ssSFjTqAW7GEZeZ43ZM=,q+zlug3hS8BEmAWTowZFL9KPns0=
-14,7,KXnKe4I1ssSFjTqAW7GEZeZ43ZM=,Q+6zOpbaetdqqcMtR9JkR9m4GrQ=
-13,7,KXnKe4I1ssSFjTqAW7GEZeZ43ZM=,IG0FDhaPjYYcGuzqFH4wbEaAH8k=
-12,7,KXnKe4I1ssSFjTqAW7GEZeZ43ZM=,Fr79fPNPGvh5jEJXiuduTlTR+Lg=
-11,7,KXnKe4I1ssSFjTqAW7GEZeZ43ZM=,rpH6Et1b1MhHlDAyapnvHM/ApsQ=
-10,7,KXnKe4I1ssSFjTqAW7GEZeZ43ZM=,w3k7m6Jm0ZAmuOjBqRJq8HgalD8=
-9,7,pJLTJ2Zhx2WW4ZHmQTmxVV7EPos=,oBO6XvoaK/z2ibkg8njVy67HTIY=
-8,7,pJLTJ2Zhx2WW4ZHmQTmxVV7EPos=,P0/VHn7b4Q4pecA2b6+kzHqIuco=
-7,7,pJLTJ2Zhx2WW4ZHmQTmxVV7EPos=,4aaFCZmEm8DvXgdEBW+75j7RMCI=
-6,7,pJLTJ2Zhx2WW4ZHmQTmxVV7EPos=,6955TP41KhS02rLFnvi7vjxGswk=
-5,7,pJLTJ2Zhx2WW4ZHmQTmxVV7EPos=,QK+FKhw97dW5c/9oEZIcNrfT+d8=
-4,7,pJLTJ2Zhx2WW4ZHmQTmxVV7EPos=,Qu4EG6ptsIdaof7zX1CN8fxwLfM=
-3,7,pJLTJ2Zhx2WW4ZHmQTmxVV7EPos=,43MAUvJspU5VDqUpkMOsZlnaVjA=
-2,7,pJLTJ2Zhx2WW4ZHmQTmxVV7EPos=,I1ehNHTq/mLancYaYdidwp/jY7Y=
-1,7,pJLTJ2Zhx2WW4ZHmQTmxVV7EPos=,57pMrC/b+PmP7JQlGWLvVlK8g60=
-22,8,pJLTJ2Zhx2WW4ZHmQTmxVV7EPos=,jUIUgG1Xa+uGM9sCXAv1vBo0AQQ=
-21,8,pJLTJ2Zhx2WW4ZHmQTmxVV7EPos=,OWyPeXFui6akuEJhPrK5pNaJ2pE=
-20,8,pJLTJ2Zhx2WW4ZHmQTmxVV7EPos=,+WCxc4JCbeQlq5ZwiKzwgGwIpiA=
-19,8,pJLTJ2Zhx2WW4ZHmQTmxVV7EPos=,L5gkRVSbMRVp/J6qkX1jKQvgCG0=
-18,8,pJLTJ2Zhx2WW4ZHmQTmxVV7EPos=,LRIYGvzynM0+zeTYFEEb5ApZ0SI=
-17,8,pJLTJ2Zhx2WW4ZHmQTmxVV7EPos=,nEhnxwKViGijuykzqYNDxgWTK6E=
-16,8,pJLTJ2Zhx2WW4ZHmQTmxVV7EPos=,5y37L6PdCV4pML7T0gxHhrnVenE=
-15,8,pJLTJ2Zhx2WW4ZHmQTmxVV7EPos=,6pGdA4jcuo6l9G5lm1JJ/7O+Zbc=
-14,8,pJLTJ2Zhx2WW4ZHmQTmxVV7EPos=,uRaRLzqmJqjduERVTlO63m2c4IQ=
-13,8,pJLTJ2Zhx2WW4ZHmQTmxVV7EPos=,lddmOZyy//fzacg7GOdzYr3QGic=
-12,8,pJLTJ2Zhx2WW4ZHmQTmxVV7EPos=,UMMiFVcUZlJ8S00lb452xeGjye0=
-11,8,pJLTJ2Zhx2WW4ZHmQTmxVV7EPos=,DFaUuk7wN7f66kWFaLPEAE2Xdts=
-10,8,pJLTJ2Zhx2WW4ZHmQTmxVV7EPos=,SaySkTHPEIa9r0+fUe3EkGnmN8c=
-9,8,pJLTJ2Zhx2WW4ZHmQTmxVV7EPos=,zdeEOUh/x91TE+2gcvXPnccl+/E=
-8,8,pJLTJ2Zhx2WW4ZHmQTmxVV7EPos=,fXm5TgeaCWPc3ZTVtqcRhIl0Dg8=
-7,8,pJLTJ2Zhx2WW4ZHmQTmxVV7EPos=,cpeb2piRb21ImnkQ5xHqii9ms2g=
-6,8,pJLTJ2Zhx2WW4ZHmQTmxVV7EPos=,TamKWMNQOAQzUftjxmtxeYRU6oM=
-5,8,pJLTJ2Zhx2WW4ZHmQTmxVV7EPos=,yKyqtsDWn7OxVITWwplI70aDl5A=
-4,8,4Cekxh6uy9CgQi1xlQvmOC+NIU4=,EXxJM41VIhis6m3BVsrL+LyUfgE=
-3,8,4Cekxh6uy9CgQi1xlQvmOC+NIU4=,+Bg2+LEZEGWSH55vQSLQ5P+127k=
-2,8,4Cekxh6uy9CgQi1xlQvmOC+NIU4=,7tHOjlR9Wq3PcPwIdKZXurGkNOM=
-1,8,4Cekxh6uy9CgQi1xlQvmOC+NIU4=,MRizjkLBTeuWegYwQmTVv+4YW+o=
-22,9,4Cekxh6uy9CgQi1xlQvmOC+NIU4=,A2cP8X/xxQz3UgqiksQv0ZoX45E=
-21,9,4Cekxh6uy9CgQi1xlQvmOC+NIU4=,4HLpQhuEf0Np9QxYIu/xkuysgns=
-20,9,4Cekxh6uy9CgQi1xlQvmOC+NIU4=,jr37jx68LwHYNZ8ycn0Zu8bSLVA=
-19,9,4Cekxh6uy9CgQi1xlQvmOC+NIU4=,UZe+FYgYtlTd6Az6brwPCJ6K2So=
-18,9,4Cekxh6uy9CgQi1xlQvmOC+NIU4=,E9pWr6yusoVjjV91zQE0CTrGLYE=
-17,9,4Cekxh6uy9CgQi1xlQvmOC+NIU4=,kQnpsIuBvsAdEkGZI3ODXevmjas=
-16,9,4Cekxh6uy9CgQi1xlQvmOC+NIU4=,LegkiM4pzBjwVl6ZMQQBKIze9Ls=
-15,9,4Cekxh6uy9CgQi1xlQvmOC+NIU4=,DoU7iQUziWAiDVxN663bv6oNE0c=
-14,9,4Cekxh6uy9CgQi1xlQvmOC+NIU4=,GauNZcHqqoI3itK5MvS3//87C2k=
-13,9,4Cekxh6uy9CgQi1xlQvmOC+NIU4=,Oawg8esSjCVDdM4ReHJ6f+hArWE=
-12,9,4Cekxh6uy9CgQi1xlQvmOC+NIU4=,rytMSWOJ3EQAEjSCL7VVnE5OIys=
-11,9,4Cekxh6uy9CgQi1xlQvmOC+NIU4=,1PoIaNl8MYKH6hQaLfl/OhRsqc4=
-10,9,4Cekxh6uy9CgQi1xlQvmOC+NIU4=,wF6N3VpyRdXYgA9k2iijEcPxzAY=
-9,9,4Cekxh6uy9CgQi1xlQvmOC+NIU4=,iQ/Bo+whb9Tet+SvjhZ0qHaV/zA=
-8,9,4Cekxh6uy9CgQi1xlQvmOC+NIU4=,tkCdYKeZEXjYDPGEcnmx/SNUEsY=
-7,9,4Cekxh6uy9CgQi1xlQvmOC+NIU4=,IN7O/Nh9OP4dbPCnqP2QasXEaEo=
-6,9,4Cekxh6uy9CgQi1xlQvmOC+NIU4=,0/9qRAC+1YT+dKay7Ghy9gjaXM4=
-5,9,4Cekxh6uy9CgQi1xlQvmOC+NIU4=,KhJhoENh2otq36XqknTJO6lbJao=
-4,9,4Cekxh6uy9CgQi1xlQvmOC+NIU4=,JrOEqLvsHbgvMi4PiG7rElDhphk=
-3,9,uTW5jc8IHOIYEeDxdS2YVVumRJ8=,+RoVkDizQVcGKpqpBmJE3jy5wxA=
-2,9,uTW5jc8IHOIYEeDxdS2YVVumRJ8=,o5TiscKcvsH/osZIeG04IQNzCZU=
-1,9,uTW5jc8IHOIYEeDxdS2YVVumRJ8=,Z8s0fijcnR//zq/BZrnOVxRLknk=
-22,10,uTW5jc8IHOIYEeDxdS2YVVumRJ8=,WinAlV24YM8qeEMLhDo2O2AcOpc=
-21,10,uTW5jc8IHOIYEeDxdS2YVVumRJ8=,iWkiX83NwD6f/HxY1mNXaRPs9Gs=
-20,10,uTW5jc8IHOIYEeDxdS2YVVumRJ8=,OnVjOGkcLVo3mzFrb405WNeZggU=
-19,10,uTW5jc8IHOIYEeDxdS2YVVumRJ8=,aLlU99AcpzSFfFukc/9jv0WCBAM=
-18,10,uTW5jc8IHOIYEeDxdS2YVVumRJ8=,t12AoHaHY7V1TnRuFLvq1Yy368o=
-17,10,uTW5jc8IHOIYEeDxdS2YVVumRJ8=,ZrPiHUIhh6tJmrC6pgxlpG+Dr9g=
-16,10,uTW5jc8IHOIYEeDxdS2YVVumRJ8=,dnAM5WRgLIpE5AlGX7eBIwToQnE=
-15,10,uTW5jc8IHOIYEeDxdS2YVVumRJ8=,h3nmd84JtR0hC8XyodfCsJ/SHUo=
-14,10,uTW5jc8IHOIYEeDxdS2YVVumRJ8=,SL+Oe1f77qd6K2GlkKb5wkNvCfI=
-13,10,uTW5jc8IHOIYEeDxdS2YVVumRJ8=,kSgW5l+H7Ji3XpBtt7TuM4QBLi8=
-12,10,uTW5jc8IHOIYEeDxdS2YVVumRJ8=,R0hLmW7JvqWvm26riVnS0yhPLV4=
-11,10,uTW5jc8IHOIYEeDxdS2YVVumRJ8=,MY/sOPXpQXu9mFHoiKXU2C8YVwI=
-10,10,uTW5jc8IHOIYEeDxdS2YVVumRJ8=,E1lIsqypxT8SoFuoV8jMYfqpSFA=
-9,10,uTW5jc8IHOIYEeDxdS2YVVumRJ8=,KftoZgaV4+FjdUQxg9zyBoGxeIE=
-8,10,uTW5jc8IHOIYEeDxdS2YVVumRJ8=,VV3Jg0tcqXrLJ/pCEBQ4DIc3cj8=
-7,10,uTW5jc8IHOIYEeDxdS2YVVumRJ8=,rIhTpT33qDB7PJyLm+WkyCskDd4=
-6,10,uTW5jc8IHOIYEeDxdS2YVVumRJ8=,Z5149BucgHHXmRLV2jRfus8c2nA=
-5,10,uTW5jc8IHOIYEeDxdS2YVVumRJ8=,ZhwqxdH2AP9PjWg9+xptCfMUE5M=
-4,10,TZNUxDpovZDmloWWWULt+haVqes=,dPl/doyFaC0unwa7LvXElBNFrkY=
-3,10,TZNUxDpovZDmloWWWULt+haVqes=,SIaqkWBnznuLCy9/Ben9EI0DCXc=
-2,10,TZNUxDpovZDmloWWWULt+haVqes=,83JDpKzZ68VlCgidQnSsrn11OQQ=
-1,10,TZNUxDpovZDmloWWWULt+haVqes=,G5dWlGWPIZATdcdseukn8vV5xrs=
-22,11,TZNUxDpovZDmloWWWULt+haVqes=,kQMcWpdBydoG4eCFmH3Fac9Qd7E=
-21,11,TZNUxDpovZDmloWWWULt+haVqes=,gul6usAcw7olCLC7BHiE+AVhDkQ=
-20,11,TZNUxDpovZDmloWWWULt+haVqes=,Ipcr9SxB2AFzpwzqfeo0ZAR3WfU=
-19,11,TZNUxDpovZDmloWWWULt+haVqes=,D9FqannHsfxX731ufGx24fDkhW8=
-18,11,TZNUxDpovZDmloWWWULt+haVqes=,cSGoEbuji08xOYH3QN60fPRFRzI=
-17,11,TZNUxDpovZDmloWWWULt+haVqes=,t4vl9WJy5go7xZGpinhbccUn9bU=
-16,11,TZNUxDpovZDmloWWWULt+haVqes=,EHA6C9NQ4PGFHLlMzoelP25er9o=
-15,11,TZNUxDpovZDmloWWWULt+haVqes=,R2aTzxJPQ118y3AElOZ61p1bhsU=
-14,11,TZNUxDpovZDmloWWWULt+haVqes=,KfMEBnXrfpd2Zb/L3SX6aTFU6mk=
-13,11,TZNUxDpovZDmloWWWULt+haVqes=,VZcQroH1DIyntiU7Tznzy/cHwUU=
-12,11,TZNUxDpovZDmloWWWULt+haVqes=,eVZwcoypZyFnM2IgfzC/Zcg/BYQ=
-11,11,TZNUxDpovZDmloWWWULt+haVqes=,1yxun4CAnSv3bHaKSS5T8TAneBA=
-10,11,TZNUxDpovZDmloWWWULt+haVqes=,NNWBTae63l0nRxWsn9jpG33zYlk=
-9,11,TZNUxDpovZDmloWWWULt+haVqes=,zMjJPjyq+h8AiaajxFUdr+BHs6E=
-8,11,TZNUxDpovZDmloWWWULt+haVqes=,5PuehHesXZqSt7C7HDeSJ5lKCWM=
-7,11,TZNUxDpovZDmloWWWULt+haVqes=,3tQsYS7nzbPmthG9U7Ilr6c8e50=
-6,11,OBX6b0zDrxOqBQqOpSkAJbqNjEc=,SivuhodrQx3C6aDm9Mxzl6493zI=
-5,11,OBX6b0zDrxOqBQqOpSkAJbqNjEc=,nMrBQQ8yj08s4akEEl5Xt7hfo3A=
-4,11,OBX6b0zDrxOqBQqOpSkAJbqNjEc=,PHKSrbZYpxFKY2n5j4X3/LOGPlU=
-3,11,OBX6b0zDrxOqBQqOpSkAJbqNjEc=,CmJ+cIeDuQGOCQv+fkXiV+vEd2c=
-2,11,OBX6b0zDrxOqBQqOpSkAJbqNjEc=,svIfz9k7ADlWx6Jgj2U/xYvFDeA=
-1,11,OBX6b0zDrxOqBQqOpSkAJbqNjEc=,WWsjYJLpR97Cy90aGNbSRkoILUI=
-22,12,OBX6b0zDrxOqBQqOpSkAJbqNjEc=,CTAVrOeBAG00ra991Ke5GUPoIfg=
-21,12,OBX6b0zDrxOqBQqOpSkAJbqNjEc=,Z7UM74YVtHLrcbaI4Pkz9wjpcKk=
-20,12,OBX6b0zDrxOqBQqOpSkAJbqNjEc=,cEqMOg6YKnOD19e9YudXCFZlvFc=
-19,12,OBX6b0zDrxOqBQqOpSkAJbqNjEc=,TiDGHKKnXI6xRVwIcy/AuoI3ulM=
-18,12,OBX6b0zDrxOqBQqOpSkAJbqNjEc=,6VVtY3yHHjRhWklN5sso3j/G7WI=
-17,12,OBX6b0zDrxOqBQqOpSkAJbqNjEc=,j5bbxYWhtdLxIGfTdFP0vgZBMEc=
-16,12,OBX6b0zDrxOqBQqOpSkAJbqNjEc=,eR0Rm4dZza5KX3icuerOUsWaZJ4=
-15,12,OBX6b0zDrxOqBQqOpSkAJbqNjEc=,0g5sUDd6ZW8020Q0xxehYSvmRk4=
-14,12,OBX6b0zDrxOqBQqOpSkAJbqNjEc=,jOL4venCjATxYvTHNCDt+sn5vA8=
-13,12,OBX6b0zDrxOqBQqOpSkAJbqNjEc=,9UbyHV1+cEjiErcPS1w3Ieha188=
-12,12,OBX6b0zDrxOqBQqOpSkAJbqNjEc=,yN1+ZX+cN9uIdGUmBhPisCYmTgg=
-11,12,OBX6b0zDrxOqBQqOpSkAJbqNjEc=,Fp2y1KviBKL4s9BezHuzkYZX4oM=
-10,12,SgmhAYq1+5pVuntABtuZ5o9qNec=,AK/1mtgULmzPACAzLJhIPuboKkg=
-9,12,SgmhAYq1+5pVuntABtuZ5o9qNec=,TvlMCw6EzydObAfiNBCF2KklEEA=
-8,12,SgmhAYq1+5pVuntABtuZ5o9qNec=,pq41NBZpk00zUhEe+wNLCt5Z9oU=
-7,12,SgmhAYq1+5pVuntABtuZ5o9qNec=,Y9VXFKe8NiLsOGrgqQag8vOtW28=
-6,12,SgmhAYq1+5pVuntABtuZ5o9qNec=,tMsO77tc/UdW8DaVPutFQoDaPP8=
-5,12,SgmhAYq1+5pVuntABtuZ5o9qNec=,KrZIIlaRUPptive1BfkT5RhmEH0=
-4,12,SgmhAYq1+5pVuntABtuZ5o9qNec=,aLA5zypph6jIuCC4XUe7FcFFLQc=
-3,12,SgmhAYq1+5pVuntABtuZ5o9qNec=,LdTHpo6d7IHEbHtEdrsKExpSOLE=
-2,12,SgmhAYq1+5pVuntABtuZ5o9qNec=,IYNf/UKnJHxPMTkAc4JW9+1pSNI=
-1,12,SgmhAYq1+5pVuntABtuZ5o9qNec=,h4GNlSpDrl4QGZZrbKIKKvW707k=
-22,13,SgmhAYq1+5pVuntABtuZ5o9qNec=,qzyK/nAMLRIhhkWt6hLWMinBIjY=
-21,13,SgmhAYq1+5pVuntABtuZ5o9qNec=,RMtMjNc/67kH0cJOiOkTwy0e+Eo=
-20,13,SgmhAYq1+5pVuntABtuZ5o9qNec=,uC6icgsLNxX3W+POOn0IEaBqRaI=
-19,13,SgmhAYq1+5pVuntABtuZ5o9qNec=,BklHm5H/TY8ISulkEab/0ylqIPE=
-18,13,SgmhAYq1+5pVuntABtuZ5o9qNec=,iHIiy1SjAb57Z2V6Lj5r+QDsLJQ=
-17,13,SgmhAYq1+5pVuntABtuZ5o9qNec=,BgwPnmNHeAwNuQHjSf/R9iLsUdU=
-16,13,SgmhAYq1+5pVuntABtuZ5o9qNec=,slJIL9kRRGqNSseutMS9GBQfYBk=
-15,13,SgmhAYq1+5pVuntABtuZ5o9qNec=,rG57W3aeNuPnZHbGMiYpvUqftEU=
-14,13,SgmhAYq1+5pVuntABtuZ5o9qNec=,SL+Oe1f77qd6K2GlkKb5wkNvCfI=
-13,13,SgmhAYq1+5pVuntABtuZ5o9qNec=,NRFfRGNYu/eoFEOApcot3b33qik=
-12,13,M3xUje192NG4njGBobrS8/T7yvQ=,9moR3Z8SEgM5t0ku2Ksq8TNzig0=
-11,13,M3xUje192NG4njGBobrS8/T7yvQ=,Uwojjsn5smwYKpPV0MxkmLrl4CY=
-10,13,M3xUje192NG4njGBobrS8/T7yvQ=,cQgVvKphWxZn5IcicM2RB0XeHeI=
-9,13,M3xUje192NG4njGBobrS8/T7yvQ=,sY1Mv8uaLLC/Ot8uqhyaKjttexY=
-8,13,M3xUje192NG4njGBobrS8/T7yvQ=,ycYLoH85T+a/tYQg1811v4rDHTg=
-7,13,M3xUje192NG4njGBobrS8/T7yvQ=,5qC25QGDoD56KZ/MXLSWJ+57xXw=
-6,13,M3xUje192NG4njGBobrS8/T7yvQ=,gn9etoaPFAop6kYmI5k4ilJspeU=
-5,13,M3xUje192NG4njGBobrS8/T7yvQ=,Ji0ltrWfpHk6IsS8WCoNjTm1Q/o=
-4,13,M3xUje192NG4njGBobrS8/T7yvQ=,wI9n2e6KM88NjbvIbVM9vjcnhno=
-3,13,M3xUje192NG4njGBobrS8/T7yvQ=,jNsIKdaYj8X37fTSzqKAHfjKrL8=
-2,13,M3xUje192NG4njGBobrS8/T7yvQ=,hNtiObZSKW/TCLc3HcLauxxXWJ4=
-1,13,M3xUje192NG4njGBobrS8/T7yvQ=,zDR2TxejOyCTh3SUf5oxyhzC5AY=
-22,14,M3xUje192NG4njGBobrS8/T7yvQ=,+/orXpU8WyOzo0xq7RvtzMwZaZ4=
-21,14,M3xUje192NG4njGBobrS8/T7yvQ=,xgcmuODtowo3sUZctgMoLKOIU2Y=
-20,14,M3xUje192NG4njGBobrS8/T7yvQ=,Np2PmXugw2u4dMTPmOk/44X7VeY=
-19,14,M3xUje192NG4njGBobrS8/T7yvQ=,gm5TnSRUy0W2GWG+wjUi5IcScdo=
-18,14,M3xUje192NG4njGBobrS8/T7yvQ=,gGUmDzV48dP3FkjLjRtBouI4fFo=
-17,14,M3xUje192NG4njGBobrS8/T7yvQ=,v0wcdcSvoHKzZaKtTlevHch1d2E=
-16,14,M3xUje192NG4njGBobrS8/T7yvQ=,ssAd681orj83D/mcmwMKhYzy74k=
-15,14,M3xUje192NG4njGBobrS8/T7yvQ=,ApEGGRDxYwRfLDJP/4gk7vnh6H8=
-14,14,M3xUje192NG4njGBobrS8/T7yvQ=,s0Hao4c+kXe2vZ7yttptdNiahKI=
-13,14,M3xUje192NG4njGBobrS8/T7yvQ=,F7HbZZNZc0efOU31ZS99Yo9rHYY=
-12,14,M3xUje192NG4njGBobrS8/T7yvQ=,ASfAcbr6jd2a8luyv+Y5X30CBEM=
-11,14,M3xUje192NG4njGBobrS8/T7yvQ=,PoPls2Jq1XbVdAtYnISTSdrEHS0=
-10,14,M3xUje192NG4njGBobrS8/T7yvQ=,Ui7lG/Z04xm42ajBgE8WbXXF47o=
-9,14,u1/PTf41PeSyJkPh7ZA7LwJTJw8=,wtzyakoJAkGuWHPlXyB6MGaKSI0=
-8,14,u1/PTf41PeSyJkPh7ZA7LwJTJw8=,PUpdB/DvA+BRxeIurUGkNJUXnR0=
-7,14,u1/PTf41PeSyJkPh7ZA7LwJTJw8=,yejOaZjUoHAIvMk2t63zv3ubLLE=
-6,14,u1/PTf41PeSyJkPh7ZA7LwJTJw8=,y+fAUHlAUwQbghNcKS3Y/26AxGA=
-5,14,u1/PTf41PeSyJkPh7ZA7LwJTJw8=,0i8FNlp3T+Kg4VXBWI/a4aTv9Lk=
-4,14,u1/PTf41PeSyJkPh7ZA7LwJTJw8=,o5k+mKuFupLELThaqDKCehCgzps=
-3,14,u1/PTf41PeSyJkPh7ZA7LwJTJw8=,kT/oBONOt6P7N6ml/0gvXUmcg7g=
-2,14,u1/PTf41PeSyJkPh7ZA7LwJTJw8=,FIzyw+kkvgxfxAabItsNiqR2o5Q=
-1,14,u1/PTf41PeSyJkPh7ZA7LwJTJw8=,ECC4s3I8VXw1r+sGqsywY44Nt3U=
-22,15,u1/PTf41PeSyJkPh7ZA7LwJTJw8=,vlmMSRfdPmjPBqv+ziYAoX3QLhE=
-21,15,u1/PTf41PeSyJkPh7ZA7LwJTJw8=,E+/6AHmyAN/DzwSwzMEWAaZXSFk=
-20,15,u1/PTf41PeSyJkPh7ZA7LwJTJw8=,NTEBF/Ds1s+uxhkZGljkEh83bIg=
-19,15,u1/PTf41PeSyJkPh7ZA7LwJTJw8=,ncB0Qm4Z04TJFgq7FeFkJyffKy4=
-18,15,u1/PTf41PeSyJkPh7ZA7LwJTJw8=,Qs4F/o37s8CVT2rf7qu16o1CZnI=
-17,15,u1/PTf41PeSyJkPh7ZA7LwJTJw8=,uUyE4n+tf1n7hMbu4CwiMQt3wtI=
-16,15,u1/PTf41PeSyJkPh7ZA7LwJTJw8=,z03kKkFYLaG80dER8Ekw5SJSBXs=
-15,15,u1/PTf41PeSyJkPh7ZA7LwJTJw8=,ZvjDNwFrxA/Vaw3MBi6y68igjD4=
-14,15,u1/PTf41PeSyJkPh7ZA7LwJTJw8=,KaLaRFF15TLfjAa7G/Zt9p2BfhI=
-13,15,u1/PTf41PeSyJkPh7ZA7LwJTJw8=,frPGuG267tCwf1XBLNvhv83Q4Ic=
-12,15,u1/PTf41PeSyJkPh7ZA7LwJTJw8=,6/N3bf10Qd70TdjwS8x09OzEGbY=
-11,15,u1/PTf41PeSyJkPh7ZA7LwJTJw8=,9PEt3sPml+1ayuIF+UpTusoN7s4=
-10,15,u1/PTf41PeSyJkPh7ZA7LwJTJw8=,4mibBSob5R+1lVBJPeBzeR7O9KI=
-9,15,ZPA+P1pzMaunxxXKFnff67Vzzl0=,orZjzozb8a2HnNSKbPuJiqI8upc=
-8,15,ZPA+P1pzMaunxxXKFnff67Vzzl0=,xD3+8FoJiak08o0/0ZI6XtvpHag=
-7,15,ZPA+P1pzMaunxxXKFnff67Vzzl0=,I84OQ927NKnkrX1rOOHyl1FWHmg=
-6,15,ZPA+P1pzMaunxxXKFnff67Vzzl0=,IjcCbFG5lcyqUed51PQemRWMHTM=
-5,15,ZPA+P1pzMaunxxXKFnff67Vzzl0=,lTI4I2rZFEJSvev/A3TMyBHMmYY=
-4,15,ZPA+P1pzMaunxxXKFnff67Vzzl0=,IT8Tb9/080g+8Z00oS/hXlsiEtk=
-3,15,ZPA+P1pzMaunxxXKFnff67Vzzl0=,rOT4extGBmT/EvVW0wMifbbVZGM=
-2,15,ZPA+P1pzMaunxxXKFnff67Vzzl0=,HwTSpdxyt8ivcxca4DY2f+LVatY=
-1,15,ZPA+P1pzMaunxxXKFnff67Vzzl0=,8Edu3zSbTUCc5xY2OYsho3qcu9A=
-22,16,ZPA+P1pzMaunxxXKFnff67Vzzl0=,E+SgLO9gjkZIIQI1z3naSQ2Qvr0=
-21,16,ZPA+P1pzMaunxxXKFnff67Vzzl0=,OD9rLxd1speUoXdDOfjVB195hls=
-20,16,ZPA+P1pzMaunxxXKFnff67Vzzl0=,2+eaeTDTouK/TXexvP1mlpT+l6E=
-19,16,ZPA+P1pzMaunxxXKFnff67Vzzl0=,wTp/4jY45cLnrfzNswhlM7bcDSQ=
-18,16,ZPA+P1pzMaunxxXKFnff67Vzzl0=,mD9rMl0NlmM/4ByJHs/em2eEJc0=
-17,16,ZPA+P1pzMaunxxXKFnff67Vzzl0=,KWZqyBM2v4KPX5BE5KHBGNE8V8c=
-16,16,ZPA+P1pzMaunxxXKFnff67Vzzl0=,CCuhUGoY5a9wa8Fj6n8r325k1B0=
-15,16,ZPA+P1pzMaunxxXKFnff67Vzzl0=,q0U7ALftClHLXz54/zriTC3v+YQ=
-14,16,ZPA+P1pzMaunxxXKFnff67Vzzl0=,pvo/KYNXJY3JHn9k3C+qeQcj9Q8=
-13,16,ZPA+P1pzMaunxxXKFnff67Vzzl0=,XsliKpiNnwHsAAyoaVM6oMYiBa8=
-12,16,ZPA+P1pzMaunxxXKFnff67Vzzl0=,UwMJF68uk/zY+gXcikQUwdzeX0Y=
-11,16,ZPA+P1pzMaunxxXKFnff67Vzzl0=,JWTyOk2bk/igGMxzAUWzAhckJ/Q=
-10,16,ZPA+P1pzMaunxxXKFnff67Vzzl0=,RpKZNMFw5WeA+4MKhL1Xh18mr4M=
-9,16,ZPA+P1pzMaunxxXKFnff67Vzzl0=,qHbJKtidrbsR6mSueXIJwRW6MgQ=
-8,16,ZPA+P1pzMaunxxXKFnff67Vzzl0=,hOYsYwoI318bf6fbi0+8QlcbndQ=
-7,16,ZPA+P1pzMaunxxXKFnff67Vzzl0=,Ozcp63YEDUJl8f0eDVNiQDDEWVA=
-6,16,ZPA+P1pzMaunxxXKFnff67Vzzl0=,qcb5S0sKVW2FqDbz/N4EvL/He+I=
-4,16,ZPA+P1pzMaunxxXKFnff67Vzzl0=,4g6gtJkwRn/llg/K5W/Ulm8Zf5w=
-3,16,i5pr9bTNa/thj/1NlD1FrMqExds=,w7GFBE3L5Woxbp0SHL7sVyDS+fQ=
-2,16,i5pr9bTNa/thj/1NlD1FrMqExds=,qCrNaZTIR3MKn73N+JDk/09GH2g=
-1,16,i5pr9bTNa/thj/1NlD1FrMqExds=,2FELePH2Mqku+H0SBQ5EzxGEJnY=
-22,17,i5pr9bTNa/thj/1NlD1FrMqExds=,EtfnIogBescdobg3JWhmRV4DGYg=
-21,17,i5pr9bTNa/thj/1NlD1FrMqExds=,IqLdscRMJt0oYXA1LSEj1aql3C0=
-20,17,i5pr9bTNa/thj/1NlD1FrMqExds=,IRFYGqCXwOPOizSzDe7AezhfMr0=
-19,17,i5pr9bTNa/thj/1NlD1FrMqExds=,MTdJJDITQWOqWcjp7wrqlxdgtXY=
-18,17,i5pr9bTNa/thj/1NlD1FrMqExds=,zP50PvFwIDZsB/lDqKRE1cQt8PI=
-17,17,i5pr9bTNa/thj/1NlD1FrMqExds=,tWhH6fIiYvP3MenQjjfSqX+uQ6o=
-16,17,i5pr9bTNa/thj/1NlD1FrMqExds=,CCuhUGoY5a9wa8Fj6n8r325k1B0=
-15,17,i5pr9bTNa/thj/1NlD1FrMqExds=,VsEQ28+HVP1q8T0HqaxaSzqidLg=
-14,17,i5pr9bTNa/thj/1NlD1FrMqExds=,TFlNUWw7rg/R1T7CEFvD4Hzoc4A=
-13,17,i5pr9bTNa/thj/1NlD1FrMqExds=,IeyXCnwAORi6BLisJuoGdI8uc8A=
-12,17,i5pr9bTNa/thj/1NlD1FrMqExds=,99fCyi50On3JrA2He3T/OQ7m5WE=
-11,17,i5pr9bTNa/thj/1NlD1FrMqExds=,KtuOI/P9jmgqs0zShCyGxKrE9L8=
-10,17,i5pr9bTNa/thj/1NlD1FrMqExds=,XyajCFLaCBdGnp7L4llxbMp8KOo=
-9,17,i5pr9bTNa/thj/1NlD1FrMqExds=,fhowCQR0O2580q9QFY1quOiD2VE=
-8,17,i5pr9bTNa/thj/1NlD1FrMqExds=,iGtMJJ1PN5UfZwIHef+G6W/Nf6Q=
-7,17,i5pr9bTNa/thj/1NlD1FrMqExds=,+XLYbw/PO0eL2ya5Jqmhl9sy+LI=
-6,17,i5pr9bTNa/thj/1NlD1FrMqExds=,PpchFoXXTB3I/k/mc7CNcQKqIdk=
-4,17,i5pr9bTNa/thj/1NlD1FrMqExds=,o4C6e/khNeGMquyRRuH4ynmP7kM=
-3,17,i5pr9bTNa/thj/1NlD1FrMqExds=,tNFCN4ZQ0Bzh3djM47idZyNTkbY=
-2,17,i5pr9bTNa/thj/1NlD1FrMqExds=,T+ZptceXsYmC+97jQ0untn/wx24=
-1,17,i5pr9bTNa/thj/1NlD1FrMqExds=,DKAD6zo/wWA88Vh8SgXgj2+HhEk=
-22,18,aicP7Jfdy6P661feq9QkPbwyybM=,yX2Hg81hQ/yDF5MSPyxUDxgbXzA=
-21,18,aicP7Jfdy6P661feq9QkPbwyybM=,W5YfclqabWzfIBPJSu0XPE8kF1Q=
-20,18,aicP7Jfdy6P661feq9QkPbwyybM=,BdawrovSDHzmOYbzVHsaVPI9ijc=
-19,18,aicP7Jfdy6P661feq9QkPbwyybM=,QcHwfNqe9nwFXF9CDOPzanPn6XE=
-18,18,aicP7Jfdy6P661feq9QkPbwyybM=,FUxLCsapQuAtBsirG4ZHT5bs0cY=
-17,18,aicP7Jfdy6P661feq9QkPbwyybM=,XVG1/jmj3hh0qxnsEny5DSElseE=
-16,18,aicP7Jfdy6P661feq9QkPbwyybM=,5m65f2Pf/B2GhVuVSHB7vvAf7d8=
-15,18,aicP7Jfdy6P661feq9QkPbwyybM=,99DN1YQ/LfZZoFfrTM1+pV8D5yw=
-8,18,aicP7Jfdy6P661feq9QkPbwyybM=,zYzEgfK/cmlZKO9urJztLCJ8Lf8=
-7,18,aicP7Jfdy6P661feq9QkPbwyybM=,1LQPxlOHGPLmPayWM3Eclv4klTI=
-4,18,aicP7Jfdy6P661feq9QkPbwyybM=,kLEhELssXL9MqV5ckmP/8mga148=
-3,18,aicP7Jfdy6P661feq9QkPbwyybM=,rCc5h127UkYsd+U+5VYzgfJfF6A=
-2,18,aicP7Jfdy6P661feq9QkPbwyybM=,ViI4eRa3BG1i63QLXYlXKzxx9ng=
-1,18,aicP7Jfdy6P661feq9QkPbwyybM=,eZtO861S6dq3fp4zKeDZ9zj/600=
-22,19,aicP7Jfdy6P661feq9QkPbwyybM=,t2n0mboTLW2kLQq3xQRKXQxWnkA=
-21,19,aicP7Jfdy6P661feq9QkPbwyybM=,2IGl/kceO0r1VwfOF3NuWQ/HHYI=
-20,19,aicP7Jfdy6P661feq9QkPbwyybM=,LWaVYt2zCAEklzzQ+SSlb2BXgVw=
-19,19,aicP7Jfdy6P661feq9QkPbwyybM=,JEWs5xuDVBd0ZeicfQr/VaxWZ+0=
-18,19,aicP7Jfdy6P661feq9QkPbwyybM=,XLKGSc80LkHa6mS0HbowuZ8OcXk=
-22,20,blLbvHjYYV/bbfa77V1vXnZlzFw=,Io/9AK3/5QimHXtrcevgkwzekI4=
-21,20,blLbvHjYYV/bbfa77V1vXnZlzFw=,PvWd0ZgjHL4BcRzNI/dTODbSxsE=
-20,20,blLbvHjYYV/bbfa77V1vXnZlzFw=,uvYc62JduEI7E1Wh1cKlZspMwdE=
-19,20,blLbvHjYYV/bbfa77V1vXnZlzFw=,kBWVugxQbw77Evu/XoKttn/p7EY=
-18,20,blLbvHjYYV/bbfa77V1vXnZlzFw=,XLKGSc80LkHa6mS0HbowuZ8OcXk=
-22,21,blLbvHjYYV/bbfa77V1vXnZlzFw=,8PmwcebnbeVnudOBvXj3DkfJsh4=
-21,21,blLbvHjYYV/bbfa77V1vXnZlzFw=,bEHVxR0LpbfmF/pUeTTiFmVw0RQ=
-20,21,blLbvHjYYV/bbfa77V1vXnZlzFw=,rVr4LqIb4VhggzdcZgd7hREmtk4=
-19,21,blLbvHjYYV/bbfa77V1vXnZlzFw=,8W9tnsso4fLwkPlcFeFXsexwpq4=
